ts_start,ts_end,price
2026-01-22 00:45:00,2026-01-22 01:00:00,0.081550
2026-01-22 00:30:00,2026-01-22 00:45:00,0.086570
2026-01-22 00:15:00,2026-01-22 00:30:00,0.088280
2026-01-22 00:00:00,2026-01-22 00:15:00,0.095190
2026-01-21 23:45:00,2026-01-22 00:00:00,0.091820
2026-01-21 23:30:00,2026-01-21 23:45:00,0.093990
2026-01-21 23:15:00,2026-01-21 23:30:00,0.099320
2026-01-21 23:00:00,2026-01-21 23:15:00,0.115060
2026-01-21 22:45:00,2026-01-21 23:00:00,0.089550
2026-01-21 22:30:00,2026-01-21 22:45:00,0.092550
2026-01-21 22:15:00,2026-01-21 22:30:00,0.095930
2026-01-21 22:00:00,2026-01-21 22:15:00,0.096990
2026-01-21 21:45:00,2026-01-21 22:00:00,0.096690
2026-01-21 21:30:00,2026-01-21 21:45:00,0.097000
2026-01-21 21:15:00,2026-01-21 21:30:00,0.099960
2026-01-21 21:00:00,2026-01-21 21:15:00,0.103380
2026-01-21 20:45:00,2026-01-21 21:00:00,0.099960
2026-01-21 20:30:00,2026-01-21 20:45:00,0.102210
2026-01-21 20:15:00,2026-01-21 20:30:00,0.108750
2026-01-21 20:00:00,2026-01-21 20:15:00,0.115500
2026-01-21 19:45:00,2026-01-21 20:00:00,0.109490
2026-01-21 19:30:00,2026-01-21 19:45:00,0.114450
2026-01-21 19:15:00,2026-01-21 19:30:00,0.120520
2026-01-21 19:00:00,2026-01-21 19:15:00,0.136520
2026-01-21 18:45:00,2026-01-21 19:00:00,0.127640
2026-01-21 18:30:00,2026-01-21 18:45:00,0.129660
2026-01-21 18:15:00,2026-01-21 18:30:00,0.149040
2026-01-21 18:00:00,2026-01-21 18:15:00,0.171800
2026-01-21 17:45:00,2026-01-21 18:00:00,0.193300
2026-01-21 17:30:00,2026-01-21 17:45:00,0.269990
2026-01-21 17:15:00,2026-01-21 17:30:00,0.274480
2026-01-21 17:00:00,2026-01-21 17:15:00,0.220630
2026-01-21 16:45:00,2026-01-21 17:00:00,0.290600
2026-01-21 16:30:00,2026-01-21 16:45:00,0.263940
2026-01-21 16:15:00,2026-01-21 16:30:00,0.218190
2026-01-21 16:00:00,2026-01-21 16:15:00,0.173270
2026-01-21 15:45:00,2026-01-21 16:00:00,0.171800
2026-01-21 15:30:00,2026-01-21 15:45:00,0.250050
2026-01-21 15:15:00,2026-01-21 15:30:00,0.131580
2026-01-21 15:00:00,2026-01-21 15:15:00,0.115990
2026-01-21 14:45:00,2026-01-21 15:00:00,0.147500
2026-01-21 14:30:00,2026-01-21 14:45:00,0.147500
2026-01-21 14:15:00,2026-01-21 14:30:00,0.171800
2026-01-21 14:00:00,2026-01-21 14:15:00,0.193300
2026-01-21 13:45:00,2026-01-21 14:00:00,0.225550
2026-01-21 13:30:00,2026-01-21 13:45:00,0.250020
2026-01-21 13:15:00,2026-01-21 13:30:00,0.250010
2026-01-21 13:00:00,2026-01-21 13:15:00,0.247390
2026-01-21 12:45:00,2026-01-21 13:00:00,0.226050
2026-01-21 12:30:00,2026-01-21 12:45:00,0.218000
2026-01-21 12:15:00,2026-01-21 12:30:00,0.218000
2026-01-21 12:00:00,2026-01-21 12:15:00,0.224120
2026-01-21 11:45:00,2026-01-21 12:00:00,0.258000
2026-01-21 11:30:00,2026-01-21 11:45:00,0.290000
2026-01-21 11:15:00,2026-01-21 11:30:00,0.294910
2026-01-21 11:00:00,2026-01-21 11:15:00,0.318820
2026-01-21 10:45:00,2026-01-21 11:00:00,0.294900
2026-01-21 10:30:00,2026-01-21 10:45:00,0.325000
2026-01-21 10:15:00,2026-01-21 10:30:00,0.351200
2026-01-21 10:00:00,2026-01-21 10:15:00,0.351200
2026-01-21 09:45:00,2026-01-21 10:00:00,0.351210
2026-01-21 09:30:00,2026-01-21 09:45:00,0.384750
2026-01-21 09:15:00,2026-01-21 09:30:00,0.390000
2026-01-21 09:00:00,2026-01-21 09:15:00,0.388960
2026-01-21 08:45:00,2026-01-21 09:00:00,0.351210
2026-01-21 08:30:00,2026-01-21 08:45:00,0.351200
2026-01-21 08:15:00,2026-01-21 08:30:00,0.351200
2026-01-21 08:00:00,2026-01-21 08:15:00,0.294910
2026-01-21 07:45:00,2026-01-21 08:00:00,0.382880
2026-01-21 07:30:00,2026-01-21 07:45:00,0.351210
2026-01-21 07:15:00,2026-01-21 07:30:00,0.325010
2026-01-21 07:00:00,2026-01-21 07:15:00,0.295180
2026-01-21 06:45:00,2026-01-21 07:00:00,0.147490
2026-01-21 06:30:00,2026-01-21 06:45:00,0.113940
2026-01-21 06:15:00,2026-01-21 06:30:00,0.109370
2026-01-21 06:00:00,2026-01-21 06:15:00,0.105650
2026-01-21 05:45:00,2026-01-21 06:00:00,0.109710
2026-01-21 05:30:00,2026-01-21 05:45:00,0.105120
2026-01-21 05:15:00,2026-01-21 05:30:00,0.110940
2026-01-21 05:00:00,2026-01-21 05:15:00,0.108790
2026-01-21 04:45:00,2026-01-21 05:00:00,0.108130
2026-01-21 04:30:00,2026-01-21 04:45:00,0.108770
2026-01-21 04:15:00,2026-01-21 04:30:00,0.108270
2026-01-21 04:00:00,2026-01-21 04:15:00,0.109590
2026-01-21 03:45:00,2026-01-21 04:00:00,0.091520
2026-01-21 03:30:00,2026-01-21 03:45:00,0.091440
2026-01-21 03:15:00,2026-01-21 03:30:00,0.094610
2026-01-21 03:00:00,2026-01-21 03:15:00,0.095600
2026-01-21 02:45:00,2026-01-21 03:00:00,0.091500
2026-01-21 02:30:00,2026-01-21 02:45:00,0.093390
2026-01-21 02:15:00,2026-01-21 02:30:00,0.095780
2026-01-21 02:00:00,2026-01-21 02:15:00,0.099430
2026-01-21 01:45:00,2026-01-21 02:00:00,0.096190
2026-01-21 01:30:00,2026-01-21 01:45:00,0.096650
2026-01-21 01:15:00,2026-01-21 01:30:00,0.096640
2026-01-21 01:00:00,2026-01-21 01:15:00,0.107230
2026-01-21 00:45:00,2026-01-21 01:00:00,0.095510
2026-01-21 00:30:00,2026-01-21 00:45:00,0.103930
2026-01-21 00:15:00,2026-01-21 00:30:00,0.110990
2026-01-21 00:00:00,2026-01-21 00:15:00,0.112650
2026-01-20 23:45:00,2026-01-21 00:00:00,0.111000
2026-01-20 23:30:00,2026-01-20 23:45:00,0.121590
2026-01-20 23:15:00,2026-01-20 23:30:00,0.129690
2026-01-20 23:00:00,2026-01-20 23:15:00,0.135660
2026-01-20 22:45:00,2026-01-20 23:00:00,0.122080
2026-01-20 22:30:00,2026-01-20 22:45:00,0.134420
2026-01-20 22:15:00,2026-01-20 22:30:00,0.182520
2026-01-20 22:00:00,2026-01-20 22:15:00,0.198310
2026-01-20 21:45:00,2026-01-20 22:00:00,0.143290
2026-01-20 21:30:00,2026-01-20 21:45:00,0.170890
2026-01-20 21:15:00,2026-01-20 21:30:00,0.232850
2026-01-20 21:00:00,2026-01-20 21:15:00,0.252010
2026-01-20 20:45:00,2026-01-20 21:00:00,0.250020
2026-01-20 20:30:00,2026-01-20 20:45:00,0.252010
2026-01-20 20:15:00,2026-01-20 20:30:00,0.290000
2026-01-20 20:00:00,2026-01-20 20:15:00,0.315200
2026-01-20 19:45:00,2026-01-20 20:00:00,0.218450
2026-01-20 19:30:00,2026-01-20 19:45:00,0.218740
2026-01-20 19:15:00,2026-01-20 19:30:00,0.240220
2026-01-20 19:00:00,2026-01-20 19:15:00,0.226810
2026-01-20 18:45:00,2026-01-20 19:00:00,0.244450
2026-01-20 18:30:00,2026-01-20 18:45:00,0.281670
2026-01-20 18:15:00,2026-01-20 18:30:00,0.271290
2026-01-20 18:00:00,2026-01-20 18:15:00,0.270670
2026-01-20 17:45:00,2026-01-20 18:00:00,0.350830
2026-01-20 17:30:00,2026-01-20 17:45:00,0.290000
2026-01-20 17:15:00,2026-01-20 17:30:00,0.250970
2026-01-20 17:00:00,2026-01-20 17:15:00,0.250000
2026-01-20 16:45:00,2026-01-20 17:00:00,0.270000
2026-01-20 16:30:00,2026-01-20 16:45:00,0.315210
2026-01-20 16:15:00,2026-01-20 16:30:00,0.315210
2026-01-20 16:00:00,2026-01-20 16:15:00,0.315200
2026-01-20 15:45:00,2026-01-20 16:00:00,0.315210
2026-01-20 15:30:00,2026-01-20 15:45:00,0.315210
2026-01-20 15:15:00,2026-01-20 15:30:00,0.315200
2026-01-20 15:00:00,2026-01-20 15:15:00,0.315200
2026-01-20 14:45:00,2026-01-20 15:00:00,0.290000
2026-01-20 14:30:00,2026-01-20 14:45:00,0.284400
2026-01-20 14:15:00,2026-01-20 14:30:00,0.284390
2026-01-20 14:00:00,2026-01-20 14:15:00,0.284390
2026-01-20 13:45:00,2026-01-20 14:00:00,0.300020
2026-01-20 13:30:00,2026-01-20 13:45:00,0.300000
2026-01-20 13:15:00,2026-01-20 13:30:00,0.289990
2026-01-20 13:00:00,2026-01-20 13:15:00,0.284390
2026-01-20 12:45:00,2026-01-20 13:00:00,0.315200
2026-01-20 12:30:00,2026-01-20 12:45:00,0.300080
2026-01-20 12:15:00,2026-01-20 12:30:00,0.300050
2026-01-20 12:00:00,2026-01-20 12:15:00,0.300070
2026-01-20 11:45:00,2026-01-20 12:00:00,0.315210
2026-01-20 11:30:00,2026-01-20 11:45:00,0.337000
2026-01-20 11:15:00,2026-01-20 11:30:00,0.325000
2026-01-20 11:00:00,2026-01-20 11:15:00,0.325020
2026-01-20 10:45:00,2026-01-20 11:00:00,0.252000
2026-01-20 10:30:00,2026-01-20 10:45:00,0.252000
2026-01-20 10:15:00,2026-01-20 10:30:00,0.250080
2026-01-20 10:00:00,2026-01-20 10:15:00,0.252500
2026-01-20 09:45:00,2026-01-20 10:00:00,0.207940
2026-01-20 09:30:00,2026-01-20 09:45:00,0.239500
2026-01-20 09:15:00,2026-01-20 09:30:00,0.297510
2026-01-20 09:00:00,2026-01-20 09:15:00,0.320190
2026-01-20 08:45:00,2026-01-20 09:00:00,0.293210
2026-01-20 08:30:00,2026-01-20 08:45:00,0.265420
2026-01-20 08:15:00,2026-01-20 08:30:00,0.221890
2026-01-20 08:00:00,2026-01-20 08:15:00,0.170760
2026-01-20 07:45:00,2026-01-20 08:00:00,0.305460
2026-01-20 07:30:00,2026-01-20 07:45:00,0.188960
2026-01-20 07:15:00,2026-01-20 07:30:00,0.157020
2026-01-20 07:00:00,2026-01-20 07:15:00,0.125140
2026-01-20 06:45:00,2026-01-20 07:00:00,0.139620
2026-01-20 06:30:00,2026-01-20 06:45:00,0.129300
2026-01-20 06:15:00,2026-01-20 06:30:00,0.111350
2026-01-20 06:00:00,2026-01-20 06:15:00,0.118100
2026-01-20 05:45:00,2026-01-20 06:00:00,0.119030
2026-01-20 05:30:00,2026-01-20 05:45:00,0.116340
2026-01-20 05:15:00,2026-01-20 05:30:00,0.112190
2026-01-20 05:00:00,2026-01-20 05:15:00,0.108400
2026-01-20 04:45:00,2026-01-20 05:00:00,0.112030
2026-01-20 04:30:00,2026-01-20 04:45:00,0.112040
2026-01-20 04:15:00,2026-01-20 04:30:00,0.109820
2026-01-20 04:00:00,2026-01-20 04:15:00,0.109820
2026-01-20 03:45:00,2026-01-20 04:00:00,0.111800
2026-01-20 03:30:00,2026-01-20 03:45:00,0.112030
2026-01-20 03:15:00,2026-01-20 03:30:00,0.113320
2026-01-20 03:00:00,2026-01-20 03:15:00,0.111690
2026-01-20 02:45:00,2026-01-20 03:00:00,0.111000
2026-01-20 02:30:00,2026-01-20 02:45:00,0.111360
2026-01-20 02:15:00,2026-01-20 02:30:00,0.111430
2026-01-20 02:00:00,2026-01-20 02:15:00,0.115330
2026-01-20 01:45:00,2026-01-20 02:00:00,0.109710
2026-01-20 01:30:00,2026-01-20 01:45:00,0.111230
2026-01-20 01:15:00,2026-01-20 01:30:00,0.113460
2026-01-20 01:00:00,2026-01-20 01:15:00,0.111000
2026-01-20 00:45:00,2026-01-20 01:00:00,0.101060
2026-01-20 00:30:00,2026-01-20 00:45:00,0.104570
2026-01-20 00:15:00,2026-01-20 00:30:00,0.111290
2026-01-20 00:00:00,2026-01-20 00:15:00,0.119150
2026-01-19 23:45:00,2026-01-20 00:00:00,0.116610
2026-01-19 23:30:00,2026-01-19 23:45:00,0.122790
2026-01-19 23:15:00,2026-01-19 23:30:00,0.124150
2026-01-19 23:00:00,2026-01-19 23:15:00,0.128210
2026-01-19 22:45:00,2026-01-19 23:00:00,0.122880
2026-01-19 22:30:00,2026-01-19 22:45:00,0.130320
2026-01-19 22:15:00,2026-01-19 22:30:00,0.141290
2026-01-19 22:00:00,2026-01-19 22:15:00,0.146500
2026-01-19 21:45:00,2026-01-19 22:00:00,0.144620
2026-01-19 21:30:00,2026-01-19 21:45:00,0.161150
2026-01-19 21:15:00,2026-01-19 21:30:00,0.203370
2026-01-19 21:00:00,2026-01-19 21:15:00,0.191200
2026-01-19 20:45:00,2026-01-19 21:00:00,0.173000
2026-01-19 20:30:00,2026-01-19 20:45:00,0.187390
2026-01-19 20:15:00,2026-01-19 20:30:00,0.236590
2026-01-19 20:00:00,2026-01-19 20:15:00,0.211110
2026-01-19 19:45:00,2026-01-19 20:00:00,0.217880
2026-01-19 19:30:00,2026-01-19 19:45:00,0.199540
2026-01-19 19:15:00,2026-01-19 19:30:00,0.211690
2026-01-19 19:00:00,2026-01-19 19:15:00,0.239220
2026-01-19 18:45:00,2026-01-19 19:00:00,0.229930
2026-01-19 18:30:00,2026-01-19 18:45:00,0.219540
2026-01-19 18:15:00,2026-01-19 18:30:00,0.229090
2026-01-19 18:00:00,2026-01-19 18:15:00,0.211280
2026-01-19 17:45:00,2026-01-19 18:00:00,0.261170
2026-01-19 17:30:00,2026-01-19 17:45:00,0.215570
2026-01-19 17:15:00,2026-01-19 17:30:00,0.194820
2026-01-19 17:00:00,2026-01-19 17:15:00,0.190840
2026-01-19 16:45:00,2026-01-19 17:00:00,0.211250
2026-01-19 16:30:00,2026-01-19 16:45:00,0.208990
2026-01-19 16:15:00,2026-01-19 16:30:00,0.245000
2026-01-19 16:00:00,2026-01-19 16:15:00,0.245000
2026-01-19 15:45:00,2026-01-19 16:00:00,0.299900
2026-01-19 15:30:00,2026-01-19 15:45:00,0.299900
2026-01-19 15:15:00,2026-01-19 15:30:00,0.299910
2026-01-19 15:00:00,2026-01-19 15:15:00,0.299910
2026-01-19 14:45:00,2026-01-19 15:00:00,0.299900
2026-01-19 14:30:00,2026-01-19 14:45:00,0.299900
2026-01-19 14:15:00,2026-01-19 14:30:00,0.290890
2026-01-19 14:00:00,2026-01-19 14:15:00,0.290000
2026-01-19 13:45:00,2026-01-19 14:00:00,0.299900
2026-01-19 13:30:00,2026-01-19 13:45:00,0.290000
2026-01-19 13:15:00,2026-01-19 13:30:00,0.255690
2026-01-19 13:00:00,2026-01-19 13:15:00,0.248990
2026-01-19 12:45:00,2026-01-19 13:00:00,0.249000
2026-01-19 12:30:00,2026-01-19 12:45:00,0.216360
2026-01-19 12:15:00,2026-01-19 12:30:00,0.179300
2026-01-19 12:00:00,2026-01-19 12:15:00,0.163480
2026-01-19 11:45:00,2026-01-19 12:00:00,0.217700
2026-01-19 11:30:00,2026-01-19 11:45:00,0.202900
2026-01-19 11:15:00,2026-01-19 11:30:00,0.179300
2026-01-19 11:00:00,2026-01-19 11:15:00,0.179300
2026-01-19 10:45:00,2026-01-19 11:00:00,0.134670
2026-01-19 10:30:00,2026-01-19 10:45:00,0.151850
2026-01-19 10:15:00,2026-01-19 10:30:00,0.171030
2026-01-19 10:00:00,2026-01-19 10:15:00,0.190200
2026-01-19 09:45:00,2026-01-19 10:00:00,0.165000
2026-01-19 09:30:00,2026-01-19 09:45:00,0.177110
2026-01-19 09:15:00,2026-01-19 09:30:00,0.184480
2026-01-19 09:00:00,2026-01-19 09:15:00,0.177330
2026-01-19 08:45:00,2026-01-19 09:00:00,0.172790
2026-01-19 08:30:00,2026-01-19 08:45:00,0.171760
2026-01-19 08:15:00,2026-01-19 08:30:00,0.157420
2026-01-19 08:00:00,2026-01-19 08:15:00,0.142290
2026-01-19 07:45:00,2026-01-19 08:00:00,0.150680
2026-01-19 07:30:00,2026-01-19 07:45:00,0.136750
2026-01-19 07:15:00,2026-01-19 07:30:00,0.129960
2026-01-19 07:00:00,2026-01-19 07:15:00,0.104670
2026-01-19 06:45:00,2026-01-19 07:00:00,0.100990
2026-01-19 06:30:00,2026-01-19 06:45:00,0.094530
2026-01-19 06:15:00,2026-01-19 06:30:00,0.091120
2026-01-19 06:00:00,2026-01-19 06:15:00,0.088260
2026-01-19 05:45:00,2026-01-19 06:00:00,0.090520
2026-01-19 05:30:00,2026-01-19 05:45:00,0.090580
2026-01-19 05:15:00,2026-01-19 05:30:00,0.090400
2026-01-19 05:00:00,2026-01-19 05:15:00,0.089090
2026-01-19 04:45:00,2026-01-19 05:00:00,0.090380
2026-01-19 04:30:00,2026-01-19 04:45:00,0.089660
2026-01-19 04:15:00,2026-01-19 04:30:00,0.089610
2026-01-19 04:00:00,2026-01-19 04:15:00,0.089440
2026-01-19 03:45:00,2026-01-19 04:00:00,0.089540
2026-01-19 03:30:00,2026-01-19 03:45:00,0.089620
2026-01-19 03:15:00,2026-01-19 03:30:00,0.090150
2026-01-19 03:00:00,2026-01-19 03:15:00,0.091150
2026-01-19 02:45:00,2026-01-19 03:00:00,0.089340
2026-01-19 02:30:00,2026-01-19 02:45:00,0.090560
2026-01-19 02:15:00,2026-01-19 02:30:00,0.090800
2026-01-19 02:00:00,2026-01-19 02:15:00,0.090190
2026-01-19 01:45:00,2026-01-19 02:00:00,0.089280
2026-01-19 01:30:00,2026-01-19 01:45:00,0.091310
2026-01-19 01:15:00,2026-01-19 01:30:00,0.089750
2026-01-19 01:00:00,2026-01-19 01:15:00,0.075090
2026-01-19 00:45:00,2026-01-19 01:00:00,0.096810
2026-01-19 00:30:00,2026-01-19 00:45:00,0.097230
2026-01-19 00:15:00,2026-01-19 00:30:00,0.099390
2026-01-19 00:00:00,2026-01-19 00:15:00,0.099580
2026-01-18 23:45:00,2026-01-19 00:00:00,0.097920
2026-01-18 23:30:00,2026-01-18 23:45:00,0.099150
2026-01-18 23:15:00,2026-01-18 23:30:00,0.099760
2026-01-18 23:00:00,2026-01-18 23:15:00,0.101640
2026-01-18 22:45:00,2026-01-18 23:00:00,0.099000
2026-01-18 22:30:00,2026-01-18 22:45:00,0.099930
2026-01-18 22:15:00,2026-01-18 22:30:00,0.104740
2026-01-18 22:00:00,2026-01-18 22:15:00,0.110930
2026-01-18 21:45:00,2026-01-18 22:00:00,0.108670
2026-01-18 21:30:00,2026-01-18 21:45:00,0.124950
2026-01-18 21:15:00,2026-01-18 21:30:00,0.125390
2026-01-18 21:00:00,2026-01-18 21:15:00,0.126480
2026-01-18 20:45:00,2026-01-18 21:00:00,0.125320
2026-01-18 20:30:00,2026-01-18 20:45:00,0.135780
2026-01-18 20:15:00,2026-01-18 20:30:00,0.141150
2026-01-18 20:00:00,2026-01-18 20:15:00,0.143920
2026-01-18 19:45:00,2026-01-18 20:00:00,0.139880
2026-01-18 19:30:00,2026-01-18 19:45:00,0.145790
2026-01-18 19:15:00,2026-01-18 19:30:00,0.141480
2026-01-18 19:00:00,2026-01-18 19:15:00,0.137570
2026-01-18 18:45:00,2026-01-18 19:00:00,0.139300
2026-01-18 18:30:00,2026-01-18 18:45:00,0.132570
2026-01-18 18:15:00,2026-01-18 18:30:00,0.129960
2026-01-18 18:00:00,2026-01-18 18:15:00,0.114020
2026-01-18 17:45:00,2026-01-18 18:00:00,0.175010
2026-01-18 17:30:00,2026-01-18 17:45:00,0.123710
2026-01-18 17:15:00,2026-01-18 17:30:00,0.136300
2026-01-18 17:00:00,2026-01-18 17:15:00,0.159790
2026-01-18 16:45:00,2026-01-18 17:00:00,0.136300
2026-01-18 16:30:00,2026-01-18 16:45:00,0.136300
2026-01-18 16:15:00,2026-01-18 16:30:00,0.136290
2026-01-18 16:00:00,2026-01-18 16:15:00,0.199900
2026-01-18 15:45:00,2026-01-18 16:00:00,0.110390
2026-01-18 15:30:00,2026-01-18 15:45:00,0.179290
2026-01-18 15:15:00,2026-01-18 15:30:00,0.179290
2026-01-18 15:00:00,2026-01-18 15:15:00,0.179290
2026-01-18 14:45:00,2026-01-18 15:00:00,0.139920
2026-01-18 14:30:00,2026-01-18 14:45:00,0.136290
2026-01-18 14:15:00,2026-01-18 14:30:00,0.134940
2026-01-18 14:00:00,2026-01-18 14:15:00,0.118990
2026-01-18 13:45:00,2026-01-18 14:00:00,0.179290
2026-01-18 13:30:00,2026-01-18 13:45:00,0.136300
2026-01-18 13:15:00,2026-01-18 13:30:00,0.115480
2026-01-18 13:00:00,2026-01-18 13:15:00,0.098000
2026-01-18 12:45:00,2026-01-18 13:00:00,0.098290
2026-01-18 12:30:00,2026-01-18 12:45:00,0.098720
2026-01-18 12:15:00,2026-01-18 12:30:00,0.100770
2026-01-18 12:00:00,2026-01-18 12:15:00,0.100530
2026-01-18 11:45:00,2026-01-18 12:00:00,0.098100
2026-01-18 11:30:00,2026-01-18 11:45:00,0.101030
2026-01-18 11:15:00,2026-01-18 11:30:00,0.103200
2026-01-18 11:00:00,2026-01-18 11:15:00,0.105310
2026-01-18 10:45:00,2026-01-18 11:00:00,0.099680
2026-01-18 10:30:00,2026-01-18 10:45:00,0.102760
2026-01-18 10:15:00,2026-01-18 10:30:00,0.102900
2026-01-18 10:00:00,2026-01-18 10:15:00,0.100070
2026-01-18 09:45:00,2026-01-18 10:00:00,0.100790
2026-01-18 09:30:00,2026-01-18 09:45:00,0.101950
2026-01-18 09:15:00,2026-01-18 09:30:00,0.103320
2026-01-18 09:00:00,2026-01-18 09:15:00,0.101650
2026-01-18 08:45:00,2026-01-18 09:00:00,0.094450
2026-01-18 08:30:00,2026-01-18 08:45:00,0.091790
2026-01-18 08:15:00,2026-01-18 08:30:00,0.092210
2026-01-18 08:00:00,2026-01-18 08:15:00,0.097590
2026-01-18 07:45:00,2026-01-18 08:00:00,0.090420
2026-01-18 07:30:00,2026-01-18 07:45:00,0.085920
2026-01-18 07:15:00,2026-01-18 07:30:00,0.071450
2026-01-18 07:00:00,2026-01-18 07:15:00,0.066450
2026-01-18 06:45:00,2026-01-18 07:00:00,0.088410
2026-01-18 06:30:00,2026-01-18 06:45:00,0.087830
2026-01-18 06:15:00,2026-01-18 06:30:00,0.083180
2026-01-18 06:00:00,2026-01-18 06:15:00,0.068300
2026-01-18 05:45:00,2026-01-18 06:00:00,0.089300
2026-01-18 05:30:00,2026-01-18 05:45:00,0.081060
2026-01-18 05:15:00,2026-01-18 05:30:00,0.088880
2026-01-18 05:00:00,2026-01-18 05:15:00,0.087460
2026-01-18 04:45:00,2026-01-18 05:00:00,0.098200
2026-01-18 04:30:00,2026-01-18 04:45:00,0.095620
2026-01-18 04:15:00,2026-01-18 04:30:00,0.095500
2026-01-18 04:00:00,2026-01-18 04:15:00,0.103060
2026-01-18 03:45:00,2026-01-18 04:00:00,0.080010
2026-01-18 03:30:00,2026-01-18 03:45:00,0.088870
2026-01-18 03:15:00,2026-01-18 03:30:00,0.088000
2026-01-18 03:00:00,2026-01-18 03:15:00,0.080000
2026-01-18 02:45:00,2026-01-18 03:00:00,0.094350
2026-01-18 02:30:00,2026-01-18 02:45:00,0.094540
2026-01-18 02:15:00,2026-01-18 02:30:00,0.095130
2026-01-18 02:00:00,2026-01-18 02:15:00,0.097590
2026-01-18 01:45:00,2026-01-18 02:00:00,0.096400
2026-01-18 01:30:00,2026-01-18 01:45:00,0.101760
2026-01-18 01:15:00,2026-01-18 01:30:00,0.101950
2026-01-18 01:00:00,2026-01-18 01:15:00,0.079400
2026-01-18 00:45:00,2026-01-18 01:00:00,0.096630
2026-01-18 00:30:00,2026-01-18 00:45:00,0.102290
2026-01-18 00:15:00,2026-01-18 00:30:00,0.107930
2026-01-18 00:00:00,2026-01-18 00:15:00,0.109290
2026-01-17 23:45:00,2026-01-18 00:00:00,0.110860
2026-01-17 23:30:00,2026-01-17 23:45:00,0.108210
2026-01-17 23:15:00,2026-01-17 23:30:00,0.105010
2026-01-17 23:00:00,2026-01-17 23:15:00,0.107840
2026-01-17 22:45:00,2026-01-17 23:00:00,0.096530
2026-01-17 22:30:00,2026-01-17 22:45:00,0.101630
2026-01-17 22:15:00,2026-01-17 22:30:00,0.110600
2026-01-17 22:00:00,2026-01-17 22:15:00,0.115880
2026-01-17 21:45:00,2026-01-17 22:00:00,0.106480
2026-01-17 21:30:00,2026-01-17 21:45:00,0.116320
2026-01-17 21:15:00,2026-01-17 21:30:00,0.118230
2026-01-17 21:00:00,2026-01-17 21:15:00,0.134310
2026-01-17 20:45:00,2026-01-17 21:00:00,0.131160
2026-01-17 20:30:00,2026-01-17 20:45:00,0.139990
2026-01-17 20:15:00,2026-01-17 20:30:00,0.140890
2026-01-17 20:00:00,2026-01-17 20:15:00,0.141590
2026-01-17 19:45:00,2026-01-17 20:00:00,0.144800
2026-01-17 19:30:00,2026-01-17 19:45:00,0.145610
2026-01-17 19:15:00,2026-01-17 19:30:00,0.140490
2026-01-17 19:00:00,2026-01-17 19:15:00,0.142270
2026-01-17 18:45:00,2026-01-17 19:00:00,0.145500
2026-01-17 18:30:00,2026-01-17 18:45:00,0.141640
2026-01-17 18:15:00,2026-01-17 18:30:00,0.140300
2026-01-17 18:00:00,2026-01-17 18:15:00,0.137690
2026-01-17 17:45:00,2026-01-17 18:00:00,0.141220
2026-01-17 17:30:00,2026-01-17 17:45:00,0.140560
2026-01-17 17:15:00,2026-01-17 17:30:00,0.139760
2026-01-17 17:00:00,2026-01-17 17:15:00,0.128710
2026-01-17 16:45:00,2026-01-17 17:00:00,0.128820
2026-01-17 16:30:00,2026-01-17 16:45:00,0.126840
2026-01-17 16:15:00,2026-01-17 16:30:00,0.120890
2026-01-17 16:00:00,2026-01-17 16:15:00,0.115450
2026-01-17 15:45:00,2026-01-17 16:00:00,0.120100
2026-01-17 15:30:00,2026-01-17 15:45:00,0.116400
2026-01-17 15:15:00,2026-01-17 15:30:00,0.111030
2026-01-17 15:00:00,2026-01-17 15:15:00,0.108890
2026-01-17 14:45:00,2026-01-17 15:00:00,0.109030
2026-01-17 14:30:00,2026-01-17 14:45:00,0.108880
2026-01-17 14:15:00,2026-01-17 14:30:00,0.109820
2026-01-17 14:00:00,2026-01-17 14:15:00,0.111270
2026-01-17 13:45:00,2026-01-17 14:00:00,0.112130
2026-01-17 13:30:00,2026-01-17 13:45:00,0.114420
2026-01-17 13:15:00,2026-01-17 13:30:00,0.112340
2026-01-17 13:00:00,2026-01-17 13:15:00,0.114370
2026-01-17 12:45:00,2026-01-17 13:00:00,0.111180
2026-01-17 12:30:00,2026-01-17 12:45:00,0.113000
2026-01-17 12:15:00,2026-01-17 12:30:00,0.113530
2026-01-17 12:00:00,2026-01-17 12:15:00,0.114320
2026-01-17 11:45:00,2026-01-17 12:00:00,0.110460
2026-01-17 11:30:00,2026-01-17 11:45:00,0.113070
2026-01-17 11:15:00,2026-01-17 11:30:00,0.117540
2026-01-17 11:00:00,2026-01-17 11:15:00,0.123410
2026-01-17 10:45:00,2026-01-17 11:00:00,0.111620
2026-01-17 10:30:00,2026-01-17 10:45:00,0.114980
2026-01-17 10:15:00,2026-01-17 10:30:00,0.119090
2026-01-17 10:00:00,2026-01-17 10:15:00,0.116860
2026-01-17 09:45:00,2026-01-17 10:00:00,0.110360
2026-01-17 09:30:00,2026-01-17 09:45:00,0.109130
2026-01-17 09:15:00,2026-01-17 09:30:00,0.105580
2026-01-17 09:00:00,2026-01-17 09:15:00,0.093710
2026-01-17 08:45:00,2026-01-17 09:00:00,0.099420
2026-01-17 08:30:00,2026-01-17 08:45:00,0.094090
2026-01-17 08:15:00,2026-01-17 08:30:00,0.092200
2026-01-17 08:00:00,2026-01-17 08:15:00,0.087630
2026-01-17 07:45:00,2026-01-17 08:00:00,0.094860
2026-01-17 07:30:00,2026-01-17 07:45:00,0.094340
2026-01-17 07:15:00,2026-01-17 07:30:00,0.089810
2026-01-17 07:00:00,2026-01-17 07:15:00,0.091680
2026-01-17 06:45:00,2026-01-17 07:00:00,0.093260
2026-01-17 06:30:00,2026-01-17 06:45:00,0.093770
2026-01-17 06:15:00,2026-01-17 06:30:00,0.092140
2026-01-17 06:00:00,2026-01-17 06:15:00,0.093130
2026-01-17 05:45:00,2026-01-17 06:00:00,0.094100
2026-01-17 05:30:00,2026-01-17 05:45:00,0.093760
2026-01-17 05:15:00,2026-01-17 05:30:00,0.093140
2026-01-17 05:00:00,2026-01-17 05:15:00,0.093550
2026-01-17 04:45:00,2026-01-17 05:00:00,0.074660
2026-01-17 04:30:00,2026-01-17 04:45:00,0.057990
2026-01-17 04:15:00,2026-01-17 04:30:00,0.054810
2026-01-17 04:00:00,2026-01-17 04:15:00,0.068880
2026-01-17 03:45:00,2026-01-17 04:00:00,0.040000
2026-01-17 03:30:00,2026-01-17 03:45:00,0.040190
2026-01-17 03:15:00,2026-01-17 03:30:00,0.048450
2026-01-17 03:00:00,2026-01-17 03:15:00,0.044970
2026-01-17 02:45:00,2026-01-17 03:00:00,0.047370
2026-01-17 02:30:00,2026-01-17 02:45:00,0.060860
2026-01-17 02:15:00,2026-01-17 02:30:00,0.070010
2026-01-17 02:00:00,2026-01-17 02:15:00,0.088870
2026-01-17 01:45:00,2026-01-17 02:00:00,0.091450
2026-01-17 01:30:00,2026-01-17 01:45:00,0.095810
2026-01-17 01:15:00,2026-01-17 01:30:00,0.107490
2026-01-17 01:00:00,2026-01-17 01:15:00,0.112950
2026-01-17 00:45:00,2026-01-17 01:00:00,0.084540
2026-01-17 00:30:00,2026-01-17 00:45:00,0.083050
2026-01-17 00:15:00,2026-01-17 00:30:00,0.084880
2026-01-17 00:00:00,2026-01-17 00:15:00,0.084060
2026-01-16 23:45:00,2026-01-17 00:00:00,0.092410
2026-01-16 23:30:00,2026-01-16 23:45:00,0.092730
2026-01-16 23:15:00,2026-01-16 23:30:00,0.092340
2026-01-16 23:00:00,2026-01-16 23:15:00,0.089530
2026-01-16 22:45:00,2026-01-16 23:00:00,0.088850
2026-01-16 22:30:00,2026-01-16 22:45:00,0.088560
2026-01-16 22:15:00,2026-01-16 22:30:00,0.088110
2026-01-16 22:00:00,2026-01-16 22:15:00,0.092500
2026-01-16 21:45:00,2026-01-16 22:00:00,0.094020
2026-01-16 21:30:00,2026-01-16 21:45:00,0.094110
2026-01-16 21:15:00,2026-01-16 21:30:00,0.094280
2026-01-16 21:00:00,2026-01-16 21:15:00,0.094550
2026-01-16 20:45:00,2026-01-16 21:00:00,0.092270
2026-01-16 20:30:00,2026-01-16 20:45:00,0.094530
2026-01-16 20:15:00,2026-01-16 20:30:00,0.094680
2026-01-16 20:00:00,2026-01-16 20:15:00,0.099930
2026-01-16 19:45:00,2026-01-16 20:00:00,0.154530
2026-01-16 19:30:00,2026-01-16 19:45:00,0.166650
2026-01-16 19:15:00,2026-01-16 19:30:00,0.165650
2026-01-16 19:00:00,2026-01-16 19:15:00,0.173210
2026-01-16 18:45:00,2026-01-16 19:00:00,0.107190
2026-01-16 18:30:00,2026-01-16 18:45:00,0.117250
2026-01-16 18:15:00,2026-01-16 18:30:00,0.180190
2026-01-16 18:00:00,2026-01-16 18:15:00,0.167980
2026-01-16 17:45:00,2026-01-16 18:00:00,0.210600
2026-01-16 17:30:00,2026-01-16 17:45:00,0.169850
2026-01-16 17:15:00,2026-01-16 17:30:00,0.163160
2026-01-16 17:00:00,2026-01-16 17:15:00,0.144930
2026-01-16 16:45:00,2026-01-16 17:00:00,0.168530
2026-01-16 16:30:00,2026-01-16 16:45:00,0.158550
2026-01-16 16:15:00,2026-01-16 16:30:00,0.148600
2026-01-16 16:00:00,2026-01-16 16:15:00,0.137530
2026-01-16 15:45:00,2026-01-16 16:00:00,0.147610
2026-01-16 15:30:00,2026-01-16 15:45:00,0.135040
2026-01-16 15:15:00,2026-01-16 15:30:00,0.129700
2026-01-16 15:00:00,2026-01-16 15:15:00,0.125680
2026-01-16 14:45:00,2026-01-16 15:00:00,0.127120
2026-01-16 14:30:00,2026-01-16 14:45:00,0.127530
2026-01-16 14:15:00,2026-01-16 14:30:00,0.144970
2026-01-16 14:00:00,2026-01-16 14:15:00,0.159410
2026-01-16 13:45:00,2026-01-16 14:00:00,0.180190
2026-01-16 13:30:00,2026-01-16 13:45:00,0.180190
2026-01-16 13:15:00,2026-01-16 13:30:00,0.180190
2026-01-16 13:00:00,2026-01-16 13:15:00,0.174830
2026-01-16 12:45:00,2026-01-16 13:00:00,0.180190
2026-01-16 12:30:00,2026-01-16 12:45:00,0.180190
2026-01-16 12:15:00,2026-01-16 12:30:00,0.158370
2026-01-16 12:00:00,2026-01-16 12:15:00,0.161820
2026-01-16 11:45:00,2026-01-16 12:00:00,0.180190
2026-01-16 11:30:00,2026-01-16 11:45:00,0.180190
2026-01-16 11:15:00,2026-01-16 11:30:00,0.180190
2026-01-16 11:00:00,2026-01-16 11:15:00,0.180190
2026-01-16 10:45:00,2026-01-16 11:00:00,0.180200
2026-01-16 10:30:00,2026-01-16 10:45:00,0.180200
2026-01-16 10:15:00,2026-01-16 10:30:00,0.180200
2026-01-16 10:00:00,2026-01-16 10:15:00,0.180200
2026-01-16 09:45:00,2026-01-16 10:00:00,0.211390
2026-01-16 09:30:00,2026-01-16 09:45:00,0.211390
2026-01-16 09:15:00,2026-01-16 09:30:00,0.209700
2026-01-16 09:00:00,2026-01-16 09:15:00,0.196800
2026-01-16 08:45:00,2026-01-16 09:00:00,0.206180
2026-01-16 08:30:00,2026-01-16 08:45:00,0.209740
2026-01-16 08:15:00,2026-01-16 08:30:00,0.206760
2026-01-16 08:00:00,2026-01-16 08:15:00,0.180200
2026-01-16 07:45:00,2026-01-16 08:00:00,0.180200
2026-01-16 07:30:00,2026-01-16 07:45:00,0.180200
2026-01-16 07:15:00,2026-01-16 07:30:00,0.180190
2026-01-16 07:00:00,2026-01-16 07:15:00,0.167070
2026-01-16 06:45:00,2026-01-16 07:00:00,0.106510
2026-01-16 06:30:00,2026-01-16 06:45:00,0.102400
2026-01-16 06:15:00,2026-01-16 06:30:00,0.097540
2026-01-16 06:00:00,2026-01-16 06:15:00,0.093960
2026-01-16 05:45:00,2026-01-16 06:00:00,0.096750
2026-01-16 05:30:00,2026-01-16 05:45:00,0.089900
2026-01-16 05:15:00,2026-01-16 05:30:00,0.107190
2026-01-16 05:00:00,2026-01-16 05:15:00,0.092540
2026-01-16 04:45:00,2026-01-16 05:00:00,0.089630
2026-01-16 04:30:00,2026-01-16 04:45:00,0.092660
2026-01-16 04:15:00,2026-01-16 04:30:00,0.092430
2026-01-16 04:00:00,2026-01-16 04:15:00,0.092800
2026-01-16 03:45:00,2026-01-16 04:00:00,0.090980
2026-01-16 03:30:00,2026-01-16 03:45:00,0.092390
2026-01-16 03:15:00,2026-01-16 03:30:00,0.096460
2026-01-16 03:00:00,2026-01-16 03:15:00,0.097100
2026-01-16 02:45:00,2026-01-16 03:00:00,0.094820
2026-01-16 02:30:00,2026-01-16 02:45:00,0.092960
2026-01-16 02:15:00,2026-01-16 02:30:00,0.093690
2026-01-16 02:00:00,2026-01-16 02:15:00,0.096260
2026-01-16 01:45:00,2026-01-16 02:00:00,0.092950
2026-01-16 01:30:00,2026-01-16 01:45:00,0.093040
2026-01-16 01:15:00,2026-01-16 01:30:00,0.097720
2026-01-16 01:00:00,2026-01-16 01:15:00,0.102550
2026-01-16 00:45:00,2026-01-16 01:00:00,0.090420
2026-01-16 00:30:00,2026-01-16 00:45:00,0.099880
2026-01-16 00:15:00,2026-01-16 00:30:00,0.100220
2026-01-16 00:00:00,2026-01-16 00:15:00,0.106210
2026-01-15 23:45:00,2026-01-16 00:00:00,0.100640
2026-01-15 23:30:00,2026-01-15 23:45:00,0.102680
2026-01-15 23:15:00,2026-01-15 23:30:00,0.108710
2026-01-15 23:00:00,2026-01-15 23:15:00,0.113330
2026-01-15 22:45:00,2026-01-15 23:00:00,0.106470
2026-01-15 22:30:00,2026-01-15 22:45:00,0.111550
2026-01-15 22:15:00,2026-01-15 22:30:00,0.128000
2026-01-15 22:00:00,2026-01-15 22:15:00,0.177600
2026-01-15 21:45:00,2026-01-15 22:00:00,0.117530
2026-01-15 21:30:00,2026-01-15 21:45:00,0.143670
2026-01-15 21:15:00,2026-01-15 21:30:00,0.154630
2026-01-15 21:00:00,2026-01-15 21:15:00,0.173250
2026-01-15 20:45:00,2026-01-15 21:00:00,0.141780
2026-01-15 20:30:00,2026-01-15 20:45:00,0.166580
2026-01-15 20:15:00,2026-01-15 20:30:00,0.172680
2026-01-15 20:00:00,2026-01-15 20:15:00,0.177600
2026-01-15 19:45:00,2026-01-15 20:00:00,0.165770
2026-01-15 19:30:00,2026-01-15 19:45:00,0.177600
2026-01-15 19:15:00,2026-01-15 19:30:00,0.177590
2026-01-15 19:00:00,2026-01-15 19:15:00,0.188090
2026-01-15 18:45:00,2026-01-15 19:00:00,0.182230
2026-01-15 18:30:00,2026-01-15 18:45:00,0.250000
2026-01-15 18:15:00,2026-01-15 18:30:00,0.250090
2026-01-15 18:00:00,2026-01-15 18:15:00,0.273140
2026-01-15 17:45:00,2026-01-15 18:00:00,0.300010
2026-01-15 17:30:00,2026-01-15 17:45:00,0.300100
2026-01-15 17:15:00,2026-01-15 17:30:00,0.325020
2026-01-15 17:00:00,2026-01-15 17:15:00,0.323280
2026-01-15 16:45:00,2026-01-15 17:00:00,0.199150
2026-01-15 16:30:00,2026-01-15 16:45:00,0.215290
2026-01-15 16:15:00,2026-01-15 16:30:00,0.187280
2026-01-15 16:00:00,2026-01-15 16:15:00,0.177590
2026-01-15 15:45:00,2026-01-15 16:00:00,0.199210
2026-01-15 15:30:00,2026-01-15 15:45:00,0.201140
2026-01-15 15:15:00,2026-01-15 15:30:00,0.191390
2026-01-15 15:00:00,2026-01-15 15:15:00,0.204080
2026-01-15 14:45:00,2026-01-15 15:00:00,0.243860
2026-01-15 14:30:00,2026-01-15 14:45:00,0.229130
2026-01-15 14:15:00,2026-01-15 14:30:00,0.226750
2026-01-15 14:00:00,2026-01-15 14:15:00,0.242670
2026-01-15 13:45:00,2026-01-15 14:00:00,0.250000
2026-01-15 13:30:00,2026-01-15 13:45:00,0.250000
2026-01-15 13:15:00,2026-01-15 13:30:00,0.232580
2026-01-15 13:00:00,2026-01-15 13:15:00,0.205010
2026-01-15 12:45:00,2026-01-15 13:00:00,0.191210
2026-01-15 12:30:00,2026-01-15 12:45:00,0.202450
2026-01-15 12:15:00,2026-01-15 12:30:00,0.207380
2026-01-15 12:00:00,2026-01-15 12:15:00,0.206840
2026-01-15 11:45:00,2026-01-15 12:00:00,0.185330
2026-01-15 11:30:00,2026-01-15 11:45:00,0.199920
2026-01-15 11:15:00,2026-01-15 11:30:00,0.205500
2026-01-15 11:00:00,2026-01-15 11:15:00,0.195170
2026-01-15 10:45:00,2026-01-15 11:00:00,0.255510
2026-01-15 10:30:00,2026-01-15 10:45:00,0.287260
2026-01-15 10:15:00,2026-01-15 10:30:00,0.250070
2026-01-15 10:00:00,2026-01-15 10:15:00,0.247970
2026-01-15 09:45:00,2026-01-15 10:00:00,0.249490
2026-01-15 09:30:00,2026-01-15 09:45:00,0.230830
2026-01-15 09:15:00,2026-01-15 09:30:00,0.198400
2026-01-15 09:00:00,2026-01-15 09:15:00,0.177600
2026-01-15 08:45:00,2026-01-15 09:00:00,0.275600
2026-01-15 08:30:00,2026-01-15 08:45:00,0.250040
2026-01-15 08:15:00,2026-01-15 08:30:00,0.289990
2026-01-15 08:00:00,2026-01-15 08:15:00,0.208050
2026-01-15 07:45:00,2026-01-15 08:00:00,0.198650
2026-01-15 07:30:00,2026-01-15 07:45:00,0.164010
2026-01-15 07:15:00,2026-01-15 07:30:00,0.135110
2026-01-15 07:00:00,2026-01-15 07:15:00,0.106090
2026-01-15 06:45:00,2026-01-15 07:00:00,0.118670
2026-01-15 06:30:00,2026-01-15 06:45:00,0.117720
2026-01-15 06:15:00,2026-01-15 06:30:00,0.108720
2026-01-15 06:00:00,2026-01-15 06:15:00,0.081940
2026-01-15 05:45:00,2026-01-15 06:00:00,0.083010
2026-01-15 05:30:00,2026-01-15 05:45:00,0.081670
2026-01-15 05:15:00,2026-01-15 05:30:00,0.098970
2026-01-15 05:00:00,2026-01-15 05:15:00,0.081050
2026-01-15 04:45:00,2026-01-15 05:00:00,0.076880
2026-01-15 04:30:00,2026-01-15 04:45:00,0.079590
2026-01-15 04:15:00,2026-01-15 04:30:00,0.081210
2026-01-15 04:00:00,2026-01-15 04:15:00,0.082380
2026-01-15 03:45:00,2026-01-15 04:00:00,0.081790
2026-01-15 03:30:00,2026-01-15 03:45:00,0.083040
2026-01-15 03:15:00,2026-01-15 03:30:00,0.086310
2026-01-15 03:00:00,2026-01-15 03:15:00,0.091140
2026-01-15 02:45:00,2026-01-15 03:00:00,0.080400
2026-01-15 02:30:00,2026-01-15 02:45:00,0.087190
2026-01-15 02:15:00,2026-01-15 02:30:00,0.089660
2026-01-15 02:00:00,2026-01-15 02:15:00,0.093650
2026-01-15 01:45:00,2026-01-15 02:00:00,0.089450
2026-01-15 01:30:00,2026-01-15 01:45:00,0.093320
2026-01-15 01:15:00,2026-01-15 01:30:00,0.086120
2026-01-15 01:00:00,2026-01-15 01:15:00,0.115540
2026-01-15 00:45:00,2026-01-15 01:00:00,0.087440
2026-01-15 00:30:00,2026-01-15 00:45:00,0.091090
2026-01-15 00:15:00,2026-01-15 00:30:00,0.094540
2026-01-15 00:00:00,2026-01-15 00:15:00,0.100280
2026-01-14 23:45:00,2026-01-15 00:00:00,0.094210
2026-01-14 23:30:00,2026-01-14 23:45:00,0.098120
2026-01-14 23:15:00,2026-01-14 23:30:00,0.100410
2026-01-14 23:00:00,2026-01-14 23:15:00,0.103300
2026-01-14 22:45:00,2026-01-14 23:00:00,0.101380
2026-01-14 22:30:00,2026-01-14 22:45:00,0.107160
2026-01-14 22:15:00,2026-01-14 22:30:00,0.110580
2026-01-14 22:00:00,2026-01-14 22:15:00,0.117670
2026-01-14 21:45:00,2026-01-14 22:00:00,0.109930
2026-01-14 21:30:00,2026-01-14 21:45:00,0.125610
2026-01-14 21:15:00,2026-01-14 21:30:00,0.132280
2026-01-14 21:00:00,2026-01-14 21:15:00,0.148460
2026-01-14 20:45:00,2026-01-14 21:00:00,0.131050
2026-01-14 20:30:00,2026-01-14 20:45:00,0.141790
2026-01-14 20:15:00,2026-01-14 20:30:00,0.158960
2026-01-14 20:00:00,2026-01-14 20:15:00,0.180600
2026-01-14 19:45:00,2026-01-14 20:00:00,0.172830
2026-01-14 19:30:00,2026-01-14 19:45:00,0.168450
2026-01-14 19:15:00,2026-01-14 19:30:00,0.168520
2026-01-14 19:00:00,2026-01-14 19:15:00,0.178990
2026-01-14 18:45:00,2026-01-14 19:00:00,0.178350
2026-01-14 18:30:00,2026-01-14 18:45:00,0.185000
2026-01-14 18:15:00,2026-01-14 18:30:00,0.192260
2026-01-14 18:00:00,2026-01-14 18:15:00,0.154560
2026-01-14 17:45:00,2026-01-14 18:00:00,0.197410
2026-01-14 17:30:00,2026-01-14 17:45:00,0.154530
2026-01-14 17:15:00,2026-01-14 17:30:00,0.130530
2026-01-14 17:00:00,2026-01-14 17:15:00,0.113860
2026-01-14 16:45:00,2026-01-14 17:00:00,0.158390
2026-01-14 16:30:00,2026-01-14 16:45:00,0.155340
2026-01-14 16:15:00,2026-01-14 16:30:00,0.127200
2026-01-14 16:00:00,2026-01-14 16:15:00,0.116410
2026-01-14 15:45:00,2026-01-14 16:00:00,0.132750
2026-01-14 15:30:00,2026-01-14 15:45:00,0.122410
2026-01-14 15:15:00,2026-01-14 15:30:00,0.110180
2026-01-14 15:00:00,2026-01-14 15:15:00,0.118870
2026-01-14 14:45:00,2026-01-14 15:00:00,0.110190
2026-01-14 14:30:00,2026-01-14 14:45:00,0.125060
2026-01-14 14:15:00,2026-01-14 14:30:00,0.124280
2026-01-14 14:00:00,2026-01-14 14:15:00,0.121070
2026-01-14 13:45:00,2026-01-14 14:00:00,0.119330
2026-01-14 13:30:00,2026-01-14 13:45:00,0.121060
2026-01-14 13:15:00,2026-01-14 13:30:00,0.122500
2026-01-14 13:00:00,2026-01-14 13:15:00,0.126540
2026-01-14 12:45:00,2026-01-14 13:00:00,0.122810
2026-01-14 12:30:00,2026-01-14 12:45:00,0.123500
2026-01-14 12:15:00,2026-01-14 12:30:00,0.127880
2026-01-14 12:00:00,2026-01-14 12:15:00,0.126680
2026-01-14 11:45:00,2026-01-14 12:00:00,0.125140
2026-01-14 11:30:00,2026-01-14 11:45:00,0.122130
2026-01-14 11:15:00,2026-01-14 11:30:00,0.126150
2026-01-14 11:00:00,2026-01-14 11:15:00,0.141030
2026-01-14 10:45:00,2026-01-14 11:00:00,0.135510
2026-01-14 10:30:00,2026-01-14 10:45:00,0.142200
2026-01-14 10:15:00,2026-01-14 10:30:00,0.162810
2026-01-14 10:00:00,2026-01-14 10:15:00,0.167560
2026-01-14 09:45:00,2026-01-14 10:00:00,0.175010
2026-01-14 09:30:00,2026-01-14 09:45:00,0.191990
2026-01-14 09:15:00,2026-01-14 09:30:00,0.239900
2026-01-14 09:00:00,2026-01-14 09:15:00,0.239900
2026-01-14 08:45:00,2026-01-14 09:00:00,0.185000
2026-01-14 08:30:00,2026-01-14 08:45:00,0.191990
2026-01-14 08:15:00,2026-01-14 08:30:00,0.199000
2026-01-14 08:00:00,2026-01-14 08:15:00,0.191980
2026-01-14 07:45:00,2026-01-14 08:00:00,0.145420
2026-01-14 07:30:00,2026-01-14 07:45:00,0.142000
2026-01-14 07:15:00,2026-01-14 07:30:00,0.135590
2026-01-14 07:00:00,2026-01-14 07:15:00,0.118590
2026-01-14 06:45:00,2026-01-14 07:00:00,0.110010
2026-01-14 06:30:00,2026-01-14 06:45:00,0.104740
2026-01-14 06:15:00,2026-01-14 06:30:00,0.105420
2026-01-14 06:00:00,2026-01-14 06:15:00,0.097400
2026-01-14 05:45:00,2026-01-14 06:00:00,0.099640
2026-01-14 05:30:00,2026-01-14 05:45:00,0.096880
2026-01-14 05:15:00,2026-01-14 05:30:00,0.095100
2026-01-14 05:00:00,2026-01-14 05:15:00,0.094950
2026-01-14 04:45:00,2026-01-14 05:00:00,0.067670
2026-01-14 04:30:00,2026-01-14 04:45:00,0.067680
2026-01-14 04:15:00,2026-01-14 04:30:00,0.090340
2026-01-14 04:00:00,2026-01-14 04:15:00,0.095770
2026-01-14 03:45:00,2026-01-14 04:00:00,0.080000
2026-01-14 03:30:00,2026-01-14 03:45:00,0.095630
2026-01-14 03:15:00,2026-01-14 03:30:00,0.096770
2026-01-14 03:00:00,2026-01-14 03:15:00,0.098090
2026-01-14 02:45:00,2026-01-14 03:00:00,0.097740
2026-01-14 02:30:00,2026-01-14 02:45:00,0.099750
2026-01-14 02:15:00,2026-01-14 02:30:00,0.102490
2026-01-14 02:00:00,2026-01-14 02:15:00,0.103490
2026-01-14 01:45:00,2026-01-14 02:00:00,0.099740
2026-01-14 01:30:00,2026-01-14 01:45:00,0.103120
2026-01-14 01:15:00,2026-01-14 01:30:00,0.106160
2026-01-14 01:00:00,2026-01-14 01:15:00,0.109080
2026-01-14 00:45:00,2026-01-14 01:00:00,0.087670
2026-01-14 00:30:00,2026-01-14 00:45:00,0.094430
2026-01-14 00:15:00,2026-01-14 00:30:00,0.099470
2026-01-14 00:00:00,2026-01-14 00:15:00,0.108770
2026-01-13 23:45:00,2026-01-14 00:00:00,0.159740
2026-01-13 23:30:00,2026-01-13 23:45:00,0.216660
2026-01-13 23:15:00,2026-01-13 23:30:00,0.240790
2026-01-13 23:00:00,2026-01-13 23:15:00,0.304500
2026-01-13 22:45:00,2026-01-13 23:00:00,0.109050
2026-01-13 22:30:00,2026-01-13 22:45:00,0.123790
2026-01-13 22:15:00,2026-01-13 22:30:00,0.171660
2026-01-13 22:00:00,2026-01-13 22:15:00,0.264160
2026-01-13 21:45:00,2026-01-13 22:00:00,0.172470
2026-01-13 21:30:00,2026-01-13 21:45:00,0.218880
2026-01-13 21:15:00,2026-01-13 21:30:00,0.248990
2026-01-13 21:00:00,2026-01-13 21:15:00,0.265090
2026-01-13 20:45:00,2026-01-13 21:00:00,0.200630
2026-01-13 20:30:00,2026-01-13 20:45:00,0.260540
2026-01-13 20:15:00,2026-01-13 20:30:00,0.286020
2026-01-13 20:00:00,2026-01-13 20:15:00,0.312800
2026-01-13 19:45:00,2026-01-13 20:00:00,0.261550
2026-01-13 19:30:00,2026-01-13 19:45:00,0.293130
2026-01-13 19:15:00,2026-01-13 19:30:00,0.300010
2026-01-13 19:00:00,2026-01-13 19:15:00,0.312810
2026-01-13 18:45:00,2026-01-13 19:00:00,0.304500
2026-01-13 18:30:00,2026-01-13 18:45:00,0.319490
2026-01-13 18:15:00,2026-01-13 18:30:00,0.312810
2026-01-13 18:00:00,2026-01-13 18:15:00,0.314850
2026-01-13 17:45:00,2026-01-13 18:00:00,0.312800
2026-01-13 17:30:00,2026-01-13 17:45:00,0.312810
2026-01-13 17:15:00,2026-01-13 17:30:00,0.312800
2026-01-13 17:00:00,2026-01-13 17:15:00,0.295930
2026-01-13 16:45:00,2026-01-13 17:00:00,0.377850
2026-01-13 16:30:00,2026-01-13 16:45:00,0.382900
2026-01-13 16:15:00,2026-01-13 16:30:00,0.377090
2026-01-13 16:00:00,2026-01-13 16:15:00,0.377090
2026-01-13 15:45:00,2026-01-13 16:00:00,0.379530
2026-01-13 15:30:00,2026-01-13 15:45:00,0.381220
2026-01-13 15:15:00,2026-01-13 15:30:00,0.350330
2026-01-13 15:00:00,2026-01-13 15:15:00,0.312810
2026-01-13 14:45:00,2026-01-13 15:00:00,0.472550
2026-01-13 14:30:00,2026-01-13 14:45:00,0.485990
2026-01-13 14:15:00,2026-01-13 14:30:00,0.312800
2026-01-13 14:00:00,2026-01-13 14:15:00,0.312810
2026-01-13 13:45:00,2026-01-13 14:00:00,0.304500
2026-01-13 13:30:00,2026-01-13 13:45:00,0.319490
2026-01-13 13:15:00,2026-01-13 13:30:00,0.319490
2026-01-13 13:00:00,2026-01-13 13:15:00,0.319490
2026-01-13 12:45:00,2026-01-13 13:00:00,0.463290
2026-01-13 12:30:00,2026-01-13 12:45:00,0.312810
2026-01-13 12:15:00,2026-01-13 12:30:00,0.312810
2026-01-13 12:00:00,2026-01-13 12:15:00,0.312810
2026-01-13 11:45:00,2026-01-13 12:00:00,0.240790
2026-01-13 11:30:00,2026-01-13 11:45:00,0.250000
2026-01-13 11:15:00,2026-01-13 11:30:00,0.250020
2026-01-13 11:00:00,2026-01-13 11:15:00,0.252750
2026-01-13 10:45:00,2026-01-13 11:00:00,0.300000
2026-01-13 10:30:00,2026-01-13 10:45:00,0.300000
2026-01-13 10:15:00,2026-01-13 10:30:00,0.300000
2026-01-13 10:00:00,2026-01-13 10:15:00,0.290000
2026-01-13 09:45:00,2026-01-13 10:00:00,0.294790
2026-01-13 09:30:00,2026-01-13 09:45:00,0.483040
2026-01-13 09:15:00,2026-01-13 09:30:00,0.483010
2026-01-13 09:00:00,2026-01-13 09:15:00,0.400090
2026-01-13 08:45:00,2026-01-13 09:00:00,0.358200
2026-01-13 08:30:00,2026-01-13 08:45:00,0.319500
2026-01-13 08:15:00,2026-01-13 08:30:00,0.303950
2026-01-13 08:00:00,2026-01-13 08:15:00,0.186670
2026-01-13 07:45:00,2026-01-13 08:00:00,0.228200
2026-01-13 07:30:00,2026-01-13 07:45:00,0.228190
2026-01-13 07:15:00,2026-01-13 07:30:00,0.147650
2026-01-13 07:00:00,2026-01-13 07:15:00,0.123280
2026-01-13 06:45:00,2026-01-13 07:00:00,0.120380
2026-01-13 06:30:00,2026-01-13 06:45:00,0.113990
2026-01-13 06:15:00,2026-01-13 06:30:00,0.109190
2026-01-13 06:00:00,2026-01-13 06:15:00,0.079840
2026-01-13 05:45:00,2026-01-13 06:00:00,0.103750
2026-01-13 05:30:00,2026-01-13 05:45:00,0.099010
2026-01-13 05:15:00,2026-01-13 05:30:00,0.097680
2026-01-13 05:00:00,2026-01-13 05:15:00,0.097000
2026-01-13 04:45:00,2026-01-13 05:00:00,0.095930
2026-01-13 04:30:00,2026-01-13 04:45:00,0.096490
2026-01-13 04:15:00,2026-01-13 04:30:00,0.096050
2026-01-13 04:00:00,2026-01-13 04:15:00,0.095030
2026-01-13 03:45:00,2026-01-13 04:00:00,0.094540
2026-01-13 03:30:00,2026-01-13 03:45:00,0.095040
2026-01-13 03:15:00,2026-01-13 03:30:00,0.096550
2026-01-13 03:00:00,2026-01-13 03:15:00,0.081690
2026-01-13 02:45:00,2026-01-13 03:00:00,0.094080
2026-01-13 02:30:00,2026-01-13 02:45:00,0.095740
2026-01-13 02:15:00,2026-01-13 02:30:00,0.080860
2026-01-13 02:00:00,2026-01-13 02:15:00,0.102510
2026-01-13 01:45:00,2026-01-13 02:00:00,0.096920
2026-01-13 01:30:00,2026-01-13 01:45:00,0.099380
2026-01-13 01:15:00,2026-01-13 01:30:00,0.102380
2026-01-13 01:00:00,2026-01-13 01:15:00,0.104850
2026-01-13 00:45:00,2026-01-13 01:00:00,0.097340
2026-01-13 00:30:00,2026-01-13 00:45:00,0.105630
2026-01-13 00:15:00,2026-01-13 00:30:00,0.112030
2026-01-13 00:00:00,2026-01-13 00:15:00,0.117680
2026-01-12 23:45:00,2026-01-13 00:00:00,0.117160
2026-01-12 23:30:00,2026-01-12 23:45:00,0.127780
2026-01-12 23:15:00,2026-01-12 23:30:00,0.127090
2026-01-12 23:00:00,2026-01-12 23:15:00,0.208480
2026-01-12 22:45:00,2026-01-12 23:00:00,0.304510
2026-01-12 22:30:00,2026-01-12 22:45:00,0.325050
2026-01-12 22:15:00,2026-01-12 22:30:00,0.335400
2026-01-12 22:00:00,2026-01-12 22:15:00,0.335410
2026-01-12 21:45:00,2026-01-12 22:00:00,0.206280
2026-01-12 21:30:00,2026-01-12 21:45:00,0.307080
2026-01-12 21:15:00,2026-01-12 21:30:00,0.352460
2026-01-12 21:00:00,2026-01-12 21:15:00,0.335410
2026-01-12 20:45:00,2026-01-12 21:00:00,0.324080
2026-01-12 20:30:00,2026-01-12 20:45:00,0.335410
2026-01-12 20:15:00,2026-01-12 20:30:00,0.335410
2026-01-12 20:00:00,2026-01-12 20:15:00,0.391670
2026-01-12 19:45:00,2026-01-12 20:00:00,0.335400
2026-01-12 19:30:00,2026-01-12 19:45:00,0.335410
2026-01-12 19:15:00,2026-01-12 19:30:00,0.335410
2026-01-12 19:00:00,2026-01-12 19:15:00,0.352840
2026-01-12 18:45:00,2026-01-12 19:00:00,0.251790
2026-01-12 18:30:00,2026-01-12 18:45:00,0.289990
2026-01-12 18:15:00,2026-01-12 18:30:00,0.250080
2026-01-12 18:00:00,2026-01-12 18:15:00,0.237790
2026-01-12 17:45:00,2026-01-12 18:00:00,0.290000
2026-01-12 17:30:00,2026-01-12 17:45:00,0.304500
2026-01-12 17:15:00,2026-01-12 17:30:00,0.304500
2026-01-12 17:00:00,2026-01-12 17:15:00,0.290000
2026-01-12 16:45:00,2026-01-12 17:00:00,0.304500
2026-01-12 16:30:00,2026-01-12 16:45:00,0.304500
2026-01-12 16:15:00,2026-01-12 16:30:00,0.299960
2026-01-12 16:00:00,2026-01-12 16:15:00,0.289990
2026-01-12 15:45:00,2026-01-12 16:00:00,0.400070
2026-01-12 15:30:00,2026-01-12 15:45:00,0.357440
2026-01-12 15:15:00,2026-01-12 15:30:00,0.342350
2026-01-12 15:00:00,2026-01-12 15:15:00,0.323600
2026-01-12 14:45:00,2026-01-12 15:00:00,0.326240
2026-01-12 14:30:00,2026-01-12 14:45:00,0.329800
2026-01-12 14:15:00,2026-01-12 14:30:00,0.329790
2026-01-12 14:00:00,2026-01-12 14:15:00,0.329800
2026-01-12 13:45:00,2026-01-12 14:00:00,0.320360
2026-01-12 13:30:00,2026-01-12 13:45:00,0.305090
2026-01-12 13:15:00,2026-01-12 13:30:00,0.295610
2026-01-12 13:00:00,2026-01-12 13:15:00,0.295610
2026-01-12 12:45:00,2026-01-12 13:00:00,0.286410
2026-01-12 12:30:00,2026-01-12 12:45:00,0.285650
2026-01-12 12:15:00,2026-01-12 12:30:00,0.285480
2026-01-12 12:00:00,2026-01-12 12:15:00,0.308780
2026-01-12 11:45:00,2026-01-12 12:00:00,0.329800
2026-01-12 11:30:00,2026-01-12 11:45:00,0.329800
2026-01-12 11:15:00,2026-01-12 11:30:00,0.329800
2026-01-12 11:00:00,2026-01-12 11:15:00,0.334670
2026-01-12 10:45:00,2026-01-12 11:00:00,0.329800
2026-01-12 10:30:00,2026-01-12 10:45:00,0.329800
2026-01-12 10:15:00,2026-01-12 10:30:00,0.329800
2026-01-12 10:00:00,2026-01-12 10:15:00,0.329790
2026-01-12 09:45:00,2026-01-12 10:00:00,0.335400
2026-01-12 09:30:00,2026-01-12 09:45:00,0.335400
2026-01-12 09:15:00,2026-01-12 09:30:00,0.329800
2026-01-12 09:00:00,2026-01-12 09:15:00,0.299900
2026-01-12 08:45:00,2026-01-12 09:00:00,0.251800
2026-01-12 08:30:00,2026-01-12 08:45:00,0.304510
2026-01-12 08:15:00,2026-01-12 08:30:00,0.284030
2026-01-12 08:00:00,2026-01-12 08:15:00,0.190570
2026-01-12 07:45:00,2026-01-12 08:00:00,0.207990
2026-01-12 07:30:00,2026-01-12 07:45:00,0.185070
2026-01-12 07:15:00,2026-01-12 07:30:00,0.132130
2026-01-12 07:00:00,2026-01-12 07:15:00,0.117680
2026-01-12 06:45:00,2026-01-12 07:00:00,0.144170
2026-01-12 06:30:00,2026-01-12 06:45:00,0.098480
2026-01-12 06:15:00,2026-01-12 06:30:00,0.089140
2026-01-12 06:00:00,2026-01-12 06:15:00,0.078820
2026-01-12 05:45:00,2026-01-12 06:00:00,0.077700
2026-01-12 05:30:00,2026-01-12 05:45:00,0.076950
2026-01-12 05:15:00,2026-01-12 05:30:00,0.076230
2026-01-12 05:00:00,2026-01-12 05:15:00,0.076520
2026-01-12 04:45:00,2026-01-12 05:00:00,0.075120
2026-01-12 04:30:00,2026-01-12 04:45:00,0.076990
2026-01-12 04:15:00,2026-01-12 04:30:00,0.077160
2026-01-12 04:00:00,2026-01-12 04:15:00,0.077510
2026-01-12 03:45:00,2026-01-12 04:00:00,0.082480
2026-01-12 03:30:00,2026-01-12 03:45:00,0.083800
2026-01-12 03:15:00,2026-01-12 03:30:00,0.083940
2026-01-12 03:00:00,2026-01-12 03:15:00,0.084800
2026-01-12 02:45:00,2026-01-12 03:00:00,0.083550
2026-01-12 02:30:00,2026-01-12 02:45:00,0.080770
2026-01-12 02:15:00,2026-01-12 02:30:00,0.079750
2026-01-12 02:00:00,2026-01-12 02:15:00,0.080220
2026-01-12 01:45:00,2026-01-12 02:00:00,0.081020
2026-01-12 01:30:00,2026-01-12 01:45:00,0.083870
2026-01-12 01:15:00,2026-01-12 01:30:00,0.081800
2026-01-12 01:00:00,2026-01-12 01:15:00,0.082810
2026-01-12 00:45:00,2026-01-12 01:00:00,0.078890
2026-01-12 00:30:00,2026-01-12 00:45:00,0.084750
2026-01-12 00:15:00,2026-01-12 00:30:00,0.092350
2026-01-12 00:00:00,2026-01-12 00:15:00,0.096140
2026-01-11 23:45:00,2026-01-12 00:00:00,0.090880
2026-01-11 23:30:00,2026-01-11 23:45:00,0.098630
2026-01-11 23:15:00,2026-01-11 23:30:00,0.101520
2026-01-11 23:00:00,2026-01-11 23:15:00,0.104930
2026-01-11 22:45:00,2026-01-11 23:00:00,0.092520
2026-01-11 22:30:00,2026-01-11 22:45:00,0.133140
2026-01-11 22:15:00,2026-01-11 22:30:00,0.226800
2026-01-11 22:00:00,2026-01-11 22:15:00,0.260200
2026-01-11 21:45:00,2026-01-11 22:00:00,0.299990
2026-01-11 21:30:00,2026-01-11 21:45:00,0.335410
2026-01-11 21:15:00,2026-01-11 21:30:00,0.483050
2026-01-11 21:00:00,2026-01-11 21:15:00,0.500030
2026-01-11 20:45:00,2026-01-11 21:00:00,0.226800
2026-01-11 20:30:00,2026-01-11 20:45:00,0.260990
2026-01-11 20:15:00,2026-01-11 20:30:00,0.260990
2026-01-11 20:00:00,2026-01-11 20:15:00,0.260200
2026-01-11 19:45:00,2026-01-11 20:00:00,0.249990
2026-01-11 19:30:00,2026-01-11 19:45:00,0.244330
2026-01-11 19:15:00,2026-01-11 19:30:00,0.250080
2026-01-11 19:00:00,2026-01-11 19:15:00,0.250070
2026-01-11 18:45:00,2026-01-11 19:00:00,0.260990
2026-01-11 18:30:00,2026-01-11 18:45:00,0.260990
2026-01-11 18:15:00,2026-01-11 18:30:00,0.260990
2026-01-11 18:00:00,2026-01-11 18:15:00,0.250100
2026-01-11 17:45:00,2026-01-11 18:00:00,0.261000
2026-01-11 17:30:00,2026-01-11 17:45:00,0.289990
2026-01-11 17:15:00,2026-01-11 17:30:00,0.290230
2026-01-11 17:00:00,2026-01-11 17:15:00,0.265590
2026-01-11 16:45:00,2026-01-11 17:00:00,0.299990
2026-01-11 16:30:00,2026-01-11 16:45:00,0.290000
2026-01-11 16:15:00,2026-01-11 16:30:00,0.261000
2026-01-11 16:00:00,2026-01-11 16:15:00,0.250040
2026-01-11 15:45:00,2026-01-11 16:00:00,0.260990
2026-01-11 15:30:00,2026-01-11 15:45:00,0.250030
2026-01-11 15:15:00,2026-01-11 15:30:00,0.240000
2026-01-11 15:00:00,2026-01-11 15:15:00,0.222400
2026-01-11 14:45:00,2026-01-11 15:00:00,0.226800
2026-01-11 14:30:00,2026-01-11 14:45:00,0.226800
2026-01-11 14:15:00,2026-01-11 14:30:00,0.226800
2026-01-11 14:00:00,2026-01-11 14:15:00,0.226800
2026-01-11 13:45:00,2026-01-11 14:00:00,0.215290
2026-01-11 13:30:00,2026-01-11 13:45:00,0.210820
2026-01-11 13:15:00,2026-01-11 13:30:00,0.181660
2026-01-11 13:00:00,2026-01-11 13:15:00,0.137150
2026-01-11 12:45:00,2026-01-11 13:00:00,0.125190
2026-01-11 12:30:00,2026-01-11 12:45:00,0.109000
2026-01-11 12:15:00,2026-01-11 12:30:00,0.107490
2026-01-11 12:00:00,2026-01-11 12:15:00,0.107500
2026-01-11 11:45:00,2026-01-11 12:00:00,0.097700
2026-01-11 11:30:00,2026-01-11 11:45:00,0.100970
2026-01-11 11:15:00,2026-01-11 11:30:00,0.101990
2026-01-11 11:00:00,2026-01-11 11:15:00,0.103930
2026-01-11 10:45:00,2026-01-11 11:00:00,0.107500
2026-01-11 10:30:00,2026-01-11 10:45:00,0.121240
2026-01-11 10:15:00,2026-01-11 10:30:00,0.146800
2026-01-11 10:00:00,2026-01-11 10:15:00,0.107500
2026-01-11 09:45:00,2026-01-11 10:00:00,0.129490
2026-01-11 09:30:00,2026-01-11 09:45:00,0.106170
2026-01-11 09:15:00,2026-01-11 09:30:00,0.089970
2026-01-11 09:00:00,2026-01-11 09:15:00,0.087020
2026-01-11 08:45:00,2026-01-11 09:00:00,0.087770
2026-01-11 08:30:00,2026-01-11 08:45:00,0.085680
2026-01-11 08:15:00,2026-01-11 08:30:00,0.082460
2026-01-11 08:00:00,2026-01-11 08:15:00,0.081130
2026-01-11 07:45:00,2026-01-11 08:00:00,0.082200
2026-01-11 07:30:00,2026-01-11 07:45:00,0.081640
2026-01-11 07:15:00,2026-01-11 07:30:00,0.079090
2026-01-11 07:00:00,2026-01-11 07:15:00,0.078980
2026-01-11 06:45:00,2026-01-11 07:00:00,0.083560
2026-01-11 06:30:00,2026-01-11 06:45:00,0.082200
2026-01-11 06:15:00,2026-01-11 06:30:00,0.081640
2026-01-11 06:00:00,2026-01-11 06:15:00,0.081640
2026-01-11 05:45:00,2026-01-11 06:00:00,0.078630
2026-01-11 05:30:00,2026-01-11 05:45:00,0.078890
2026-01-11 05:15:00,2026-01-11 05:30:00,0.079870
2026-01-11 05:00:00,2026-01-11 05:15:00,0.079910
2026-01-11 04:45:00,2026-01-11 05:00:00,0.080440
2026-01-11 04:30:00,2026-01-11 04:45:00,0.080440
2026-01-11 04:15:00,2026-01-11 04:30:00,0.080520
2026-01-11 04:00:00,2026-01-11 04:15:00,0.084180
2026-01-11 03:45:00,2026-01-11 04:00:00,0.080400
2026-01-11 03:30:00,2026-01-11 03:45:00,0.082720
2026-01-11 03:15:00,2026-01-11 03:30:00,0.082810
2026-01-11 03:00:00,2026-01-11 03:15:00,0.082840
2026-01-11 02:45:00,2026-01-11 03:00:00,0.081810
2026-01-11 02:30:00,2026-01-11 02:45:00,0.080010
2026-01-11 02:15:00,2026-01-11 02:30:00,0.080580
2026-01-11 02:00:00,2026-01-11 02:15:00,0.080100
2026-01-11 01:45:00,2026-01-11 02:00:00,0.083510
2026-01-11 01:30:00,2026-01-11 01:45:00,0.093700
2026-01-11 01:15:00,2026-01-11 01:30:00,0.097720
2026-01-11 01:00:00,2026-01-11 01:15:00,0.108200
2026-01-11 00:45:00,2026-01-11 01:00:00,0.085840
2026-01-11 00:30:00,2026-01-11 00:45:00,0.097750
2026-01-11 00:15:00,2026-01-11 00:30:00,0.097500
2026-01-11 00:00:00,2026-01-11 00:15:00,0.101760
2026-01-10 23:45:00,2026-01-11 00:00:00,0.099120
2026-01-10 23:30:00,2026-01-10 23:45:00,0.103390
2026-01-10 23:15:00,2026-01-10 23:30:00,0.114160
2026-01-10 23:00:00,2026-01-10 23:15:00,0.114810
2026-01-10 22:45:00,2026-01-10 23:00:00,0.105700
2026-01-10 22:30:00,2026-01-10 22:45:00,0.114820
2026-01-10 22:15:00,2026-01-10 22:30:00,0.114820
2026-01-10 22:00:00,2026-01-10 22:15:00,0.118910
2026-01-10 21:45:00,2026-01-10 22:00:00,0.113410
2026-01-10 21:30:00,2026-01-10 21:45:00,0.119240
2026-01-10 21:15:00,2026-01-10 21:30:00,0.120860
2026-01-10 21:00:00,2026-01-10 21:15:00,0.129430
2026-01-10 20:45:00,2026-01-10 21:00:00,0.123470
2026-01-10 20:30:00,2026-01-10 20:45:00,0.125360
2026-01-10 20:15:00,2026-01-10 20:30:00,0.129520
2026-01-10 20:00:00,2026-01-10 20:15:00,0.135110
2026-01-10 19:45:00,2026-01-10 20:00:00,0.129520
2026-01-10 19:30:00,2026-01-10 19:45:00,0.136950
2026-01-10 19:15:00,2026-01-10 19:30:00,0.138610
2026-01-10 19:00:00,2026-01-10 19:15:00,0.144690
2026-01-10 18:45:00,2026-01-10 19:00:00,0.144090
2026-01-10 18:30:00,2026-01-10 18:45:00,0.143380
2026-01-10 18:15:00,2026-01-10 18:30:00,0.140350
2026-01-10 18:00:00,2026-01-10 18:15:00,0.135340
2026-01-10 17:45:00,2026-01-10 18:00:00,0.144260
2026-01-10 17:30:00,2026-01-10 17:45:00,0.130490
2026-01-10 17:15:00,2026-01-10 17:30:00,0.129470
2026-01-10 17:00:00,2026-01-10 17:15:00,0.123860
2026-01-10 16:45:00,2026-01-10 17:00:00,0.131700
2026-01-10 16:30:00,2026-01-10 16:45:00,0.127200
2026-01-10 16:15:00,2026-01-10 16:30:00,0.123360
2026-01-10 16:00:00,2026-01-10 16:15:00,0.119540
2026-01-10 15:45:00,2026-01-10 16:00:00,0.128340
2026-01-10 15:30:00,2026-01-10 15:45:00,0.124620
2026-01-10 15:15:00,2026-01-10 15:30:00,0.128350
2026-01-10 15:00:00,2026-01-10 15:15:00,0.128350
2026-01-10 14:45:00,2026-01-10 15:00:00,0.133810
2026-01-10 14:30:00,2026-01-10 14:45:00,0.131290
2026-01-10 14:15:00,2026-01-10 14:30:00,0.133290
2026-01-10 14:00:00,2026-01-10 14:15:00,0.133030
2026-01-10 13:45:00,2026-01-10 14:00:00,0.134610
2026-01-10 13:30:00,2026-01-10 13:45:00,0.124970
2026-01-10 13:15:00,2026-01-10 13:30:00,0.100220
2026-01-10 13:00:00,2026-01-10 13:15:00,0.097360
2026-01-10 12:45:00,2026-01-10 13:00:00,0.134960
2026-01-10 12:30:00,2026-01-10 12:45:00,0.125780
2026-01-10 12:15:00,2026-01-10 12:30:00,0.118540
2026-01-10 12:00:00,2026-01-10 12:15:00,0.106190
2026-01-10 11:45:00,2026-01-10 12:00:00,0.125000
2026-01-10 11:30:00,2026-01-10 11:45:00,0.114130
2026-01-10 11:15:00,2026-01-10 11:30:00,0.106190
2026-01-10 11:00:00,2026-01-10 11:15:00,0.099970
2026-01-10 10:45:00,2026-01-10 11:00:00,0.106200
2026-01-10 10:30:00,2026-01-10 10:45:00,0.101940
2026-01-10 10:15:00,2026-01-10 10:30:00,0.090770
2026-01-10 10:00:00,2026-01-10 10:15:00,0.087930
2026-01-10 09:45:00,2026-01-10 10:00:00,0.199710
2026-01-10 09:30:00,2026-01-10 09:45:00,0.089110
2026-01-10 09:15:00,2026-01-10 09:30:00,0.081420
2026-01-10 09:00:00,2026-01-10 09:15:00,0.079960
2026-01-10 08:45:00,2026-01-10 09:00:00,0.081820
2026-01-10 08:30:00,2026-01-10 08:45:00,0.079040
2026-01-10 08:15:00,2026-01-10 08:30:00,0.075430
2026-01-10 08:00:00,2026-01-10 08:15:00,0.069600
2026-01-10 07:45:00,2026-01-10 08:00:00,0.073220
2026-01-10 07:30:00,2026-01-10 07:45:00,0.071080
2026-01-10 07:15:00,2026-01-10 07:30:00,0.068130
2026-01-10 07:00:00,2026-01-10 07:15:00,0.064710
2026-01-10 06:45:00,2026-01-10 07:00:00,0.068800
2026-01-10 06:30:00,2026-01-10 06:45:00,0.066750
2026-01-10 06:15:00,2026-01-10 06:30:00,0.064410
2026-01-10 06:00:00,2026-01-10 06:15:00,0.063100
2026-01-10 05:45:00,2026-01-10 06:00:00,0.064070
2026-01-10 05:30:00,2026-01-10 05:45:00,0.063100
2026-01-10 05:15:00,2026-01-10 05:30:00,0.064420
2026-01-10 05:00:00,2026-01-10 05:15:00,0.063880
2026-01-10 04:45:00,2026-01-10 05:00:00,0.062860
2026-01-10 04:30:00,2026-01-10 04:45:00,0.064190
2026-01-10 04:15:00,2026-01-10 04:30:00,0.063600
2026-01-10 04:00:00,2026-01-10 04:15:00,0.065160
2026-01-10 03:45:00,2026-01-10 04:00:00,0.061790
2026-01-10 03:30:00,2026-01-10 03:45:00,0.062690
2026-01-10 03:15:00,2026-01-10 03:30:00,0.063190
2026-01-10 03:00:00,2026-01-10 03:15:00,0.064860
2026-01-10 02:45:00,2026-01-10 03:00:00,0.059270
2026-01-10 02:30:00,2026-01-10 02:45:00,0.063250
2026-01-10 02:15:00,2026-01-10 02:30:00,0.066640
2026-01-10 02:00:00,2026-01-10 02:15:00,0.068680
2026-01-10 01:45:00,2026-01-10 02:00:00,0.060410
2026-01-10 01:30:00,2026-01-10 01:45:00,0.069940
2026-01-10 01:15:00,2026-01-10 01:30:00,0.057440
2026-01-10 01:00:00,2026-01-10 01:15:00,0.061930
2026-01-10 00:45:00,2026-01-10 01:00:00,0.069960
2026-01-10 00:30:00,2026-01-10 00:45:00,0.071980
2026-01-10 00:15:00,2026-01-10 00:30:00,0.073000
2026-01-10 00:00:00,2026-01-10 00:15:00,0.077590
2026-01-09 23:45:00,2026-01-10 00:00:00,0.075710
2026-01-09 23:30:00,2026-01-09 23:45:00,0.079980
2026-01-09 23:15:00,2026-01-09 23:30:00,0.096640
2026-01-09 23:00:00,2026-01-09 23:15:00,0.104510
2026-01-09 22:45:00,2026-01-09 23:00:00,0.088130
2026-01-09 22:30:00,2026-01-09 22:45:00,0.104580
2026-01-09 22:15:00,2026-01-09 22:30:00,0.106860
2026-01-09 22:00:00,2026-01-09 22:15:00,0.109160
2026-01-09 21:45:00,2026-01-09 22:00:00,0.090630
2026-01-09 21:30:00,2026-01-09 21:45:00,0.105000
2026-01-09 21:15:00,2026-01-09 21:30:00,0.110100
2026-01-09 21:00:00,2026-01-09 21:15:00,0.113420
2026-01-09 20:45:00,2026-01-09 21:00:00,0.109160
2026-01-09 20:30:00,2026-01-09 20:45:00,0.112480
2026-01-09 20:15:00,2026-01-09 20:30:00,0.112490
2026-01-09 20:00:00,2026-01-09 20:15:00,0.121400
2026-01-09 19:45:00,2026-01-09 20:00:00,0.115400
2026-01-09 19:30:00,2026-01-09 19:45:00,0.125980
2026-01-09 19:15:00,2026-01-09 19:30:00,0.128160
2026-01-09 19:00:00,2026-01-09 19:15:00,0.116300
2026-01-09 18:45:00,2026-01-09 19:00:00,0.122910
2026-01-09 18:30:00,2026-01-09 18:45:00,0.123390
2026-01-09 18:15:00,2026-01-09 18:30:00,0.146470
2026-01-09 18:00:00,2026-01-09 18:15:00,0.140120
2026-01-09 17:45:00,2026-01-09 18:00:00,0.150150
2026-01-09 17:30:00,2026-01-09 17:45:00,0.159440
2026-01-09 17:15:00,2026-01-09 17:30:00,0.156060
2026-01-09 17:00:00,2026-01-09 17:15:00,0.151970
2026-01-09 16:45:00,2026-01-09 17:00:00,0.139200
2026-01-09 16:30:00,2026-01-09 16:45:00,0.151210
2026-01-09 16:15:00,2026-01-09 16:30:00,0.150150
2026-01-09 16:00:00,2026-01-09 16:15:00,0.150150
2026-01-09 15:45:00,2026-01-09 16:00:00,0.150150
2026-01-09 15:30:00,2026-01-09 15:45:00,0.123390
2026-01-09 15:15:00,2026-01-09 15:30:00,0.143280
2026-01-09 15:00:00,2026-01-09 15:15:00,0.150150
2026-01-09 14:45:00,2026-01-09 15:00:00,0.150150
2026-01-09 14:30:00,2026-01-09 14:45:00,0.150150
2026-01-09 14:15:00,2026-01-09 14:30:00,0.162560
2026-01-09 14:00:00,2026-01-09 14:15:00,0.166090
2026-01-09 13:45:00,2026-01-09 14:00:00,0.166080
2026-01-09 13:30:00,2026-01-09 13:45:00,0.162550
2026-01-09 13:15:00,2026-01-09 13:30:00,0.162520
2026-01-09 13:00:00,2026-01-09 13:15:00,0.155450
2026-01-09 12:45:00,2026-01-09 13:00:00,0.188060
2026-01-09 12:30:00,2026-01-09 12:45:00,0.178940
2026-01-09 12:15:00,2026-01-09 12:30:00,0.164430
2026-01-09 12:00:00,2026-01-09 12:15:00,0.160980
2026-01-09 11:45:00,2026-01-09 12:00:00,0.142620
2026-01-09 11:30:00,2026-01-09 11:45:00,0.140270
2026-01-09 11:15:00,2026-01-09 11:30:00,0.135910
2026-01-09 11:00:00,2026-01-09 11:15:00,0.127860
2026-01-09 10:45:00,2026-01-09 11:00:00,0.190000
2026-01-09 10:30:00,2026-01-09 10:45:00,0.200210
2026-01-09 10:15:00,2026-01-09 10:30:00,0.185010
2026-01-09 10:00:00,2026-01-09 10:15:00,0.150160
2026-01-09 09:45:00,2026-01-09 10:00:00,0.175770
2026-01-09 09:30:00,2026-01-09 09:45:00,0.157880
2026-01-09 09:15:00,2026-01-09 09:30:00,0.158270
2026-01-09 09:00:00,2026-01-09 09:15:00,0.150120
2026-01-09 08:45:00,2026-01-09 09:00:00,0.200170
2026-01-09 08:30:00,2026-01-09 08:45:00,0.184650
2026-01-09 08:15:00,2026-01-09 08:30:00,0.190000
2026-01-09 08:00:00,2026-01-09 08:15:00,0.150120
2026-01-09 07:45:00,2026-01-09 08:00:00,0.156100
2026-01-09 07:30:00,2026-01-09 07:45:00,0.144950
2026-01-09 07:15:00,2026-01-09 07:30:00,0.134750
2026-01-09 07:00:00,2026-01-09 07:15:00,0.118660
2026-01-09 06:45:00,2026-01-09 07:00:00,0.150110
2026-01-09 06:30:00,2026-01-09 06:45:00,0.114840
2026-01-09 06:15:00,2026-01-09 06:30:00,0.110090
2026-01-09 06:00:00,2026-01-09 06:15:00,0.100860
2026-01-09 05:45:00,2026-01-09 06:00:00,0.111850
2026-01-09 05:30:00,2026-01-09 05:45:00,0.104350
2026-01-09 05:15:00,2026-01-09 05:30:00,0.074230
2026-01-09 05:00:00,2026-01-09 05:15:00,0.057430
2026-01-09 04:45:00,2026-01-09 05:00:00,0.065280
2026-01-09 04:30:00,2026-01-09 04:45:00,0.067910
2026-01-09 04:15:00,2026-01-09 04:30:00,0.068610
2026-01-09 04:00:00,2026-01-09 04:15:00,0.071240
2026-01-09 03:45:00,2026-01-09 04:00:00,0.073340
2026-01-09 03:30:00,2026-01-09 03:45:00,0.078410
2026-01-09 03:15:00,2026-01-09 03:30:00,0.076980
2026-01-09 03:00:00,2026-01-09 03:15:00,0.080880
2026-01-09 02:45:00,2026-01-09 03:00:00,0.080130
2026-01-09 02:30:00,2026-01-09 02:45:00,0.080010
2026-01-09 02:15:00,2026-01-09 02:30:00,0.078270
2026-01-09 02:00:00,2026-01-09 02:15:00,0.079980
2026-01-09 01:45:00,2026-01-09 02:00:00,0.085340
2026-01-09 01:30:00,2026-01-09 01:45:00,0.084760
2026-01-09 01:15:00,2026-01-09 01:30:00,0.112360
2026-01-09 01:00:00,2026-01-09 01:15:00,0.113420
2026-01-09 00:45:00,2026-01-09 01:00:00,0.079490
2026-01-09 00:30:00,2026-01-09 00:45:00,0.090220
2026-01-09 00:15:00,2026-01-09 00:30:00,0.098780
2026-01-09 00:00:00,2026-01-09 00:15:00,0.114900
2026-01-08 23:45:00,2026-01-09 00:00:00,0.064370
2026-01-08 23:30:00,2026-01-08 23:45:00,0.074590
2026-01-08 23:15:00,2026-01-08 23:30:00,0.079640
2026-01-08 23:00:00,2026-01-08 23:15:00,0.106080
2026-01-08 22:45:00,2026-01-08 23:00:00,0.081090
2026-01-08 22:30:00,2026-01-08 22:45:00,0.087020
2026-01-08 22:15:00,2026-01-08 22:30:00,0.093480
2026-01-08 22:00:00,2026-01-08 22:15:00,0.099780
2026-01-08 21:45:00,2026-01-08 22:00:00,0.073090
2026-01-08 21:30:00,2026-01-08 21:45:00,0.077720
2026-01-08 21:15:00,2026-01-08 21:30:00,0.096590
2026-01-08 21:00:00,2026-01-08 21:15:00,0.119160
2026-01-08 20:45:00,2026-01-08 21:00:00,0.090410
2026-01-08 20:30:00,2026-01-08 20:45:00,0.110500
2026-01-08 20:15:00,2026-01-08 20:30:00,0.143920
2026-01-08 20:00:00,2026-01-08 20:15:00,0.157440
2026-01-08 19:45:00,2026-01-08 20:00:00,0.132170
2026-01-08 19:30:00,2026-01-08 19:45:00,0.166490
2026-01-08 19:15:00,2026-01-08 19:30:00,0.190000
2026-01-08 19:00:00,2026-01-08 19:15:00,0.225200
2026-01-08 18:45:00,2026-01-08 19:00:00,0.191860
2026-01-08 18:30:00,2026-01-08 18:45:00,0.296160
2026-01-08 18:15:00,2026-01-08 18:30:00,0.294700
2026-01-08 18:00:00,2026-01-08 18:15:00,0.300010
2026-01-08 17:45:00,2026-01-08 18:00:00,0.289990
2026-01-08 17:30:00,2026-01-08 17:45:00,0.285990
2026-01-08 17:15:00,2026-01-08 17:30:00,0.236290
2026-01-08 17:00:00,2026-01-08 17:15:00,0.220360
2026-01-08 16:45:00,2026-01-08 17:00:00,0.265240
2026-01-08 16:30:00,2026-01-08 16:45:00,0.259410
2026-01-08 16:15:00,2026-01-08 16:30:00,0.264610
2026-01-08 16:00:00,2026-01-08 16:15:00,0.246660
2026-01-08 15:45:00,2026-01-08 16:00:00,0.269360
2026-01-08 15:30:00,2026-01-08 15:45:00,0.285380
2026-01-08 15:15:00,2026-01-08 15:30:00,0.258310
2026-01-08 15:00:00,2026-01-08 15:15:00,0.225190
2026-01-08 14:45:00,2026-01-08 15:00:00,0.250000
2026-01-08 14:30:00,2026-01-08 14:45:00,0.242100
2026-01-08 14:15:00,2026-01-08 14:30:00,0.250050
2026-01-08 14:00:00,2026-01-08 14:15:00,0.242110
2026-01-08 13:45:00,2026-01-08 14:00:00,0.242110
2026-01-08 13:30:00,2026-01-08 13:45:00,0.242100
2026-01-08 13:15:00,2026-01-08 13:30:00,0.242100
2026-01-08 13:00:00,2026-01-08 13:15:00,0.225200
2026-01-08 12:45:00,2026-01-08 13:00:00,0.243320
2026-01-08 12:30:00,2026-01-08 12:45:00,0.272240
2026-01-08 12:15:00,2026-01-08 12:30:00,0.253160
2026-01-08 12:00:00,2026-01-08 12:15:00,0.242100
2026-01-08 11:45:00,2026-01-08 12:00:00,0.250020
2026-01-08 11:30:00,2026-01-08 11:45:00,0.272920
2026-01-08 11:15:00,2026-01-08 11:30:00,0.276350
2026-01-08 11:00:00,2026-01-08 11:15:00,0.250000
2026-01-08 10:45:00,2026-01-08 11:00:00,0.242100
2026-01-08 10:30:00,2026-01-08 10:45:00,0.242110
2026-01-08 10:15:00,2026-01-08 10:30:00,0.282510
2026-01-08 10:00:00,2026-01-08 10:15:00,0.282510
2026-01-08 09:45:00,2026-01-08 10:00:00,0.307600
2026-01-08 09:30:00,2026-01-08 09:45:00,0.308630
2026-01-08 09:15:00,2026-01-08 09:30:00,0.300000
2026-01-08 09:00:00,2026-01-08 09:15:00,0.276500
2026-01-08 08:45:00,2026-01-08 09:00:00,0.307130
2026-01-08 08:30:00,2026-01-08 08:45:00,0.312750
2026-01-08 08:15:00,2026-01-08 08:30:00,0.321130
2026-01-08 08:00:00,2026-01-08 08:15:00,0.249990
2026-01-08 07:45:00,2026-01-08 08:00:00,0.225190
2026-01-08 07:30:00,2026-01-08 07:45:00,0.225190
2026-01-08 07:15:00,2026-01-08 07:30:00,0.225200
2026-01-08 07:00:00,2026-01-08 07:15:00,0.236710
2026-01-08 06:45:00,2026-01-08 07:00:00,0.250000
2026-01-08 06:30:00,2026-01-08 06:45:00,0.225200
2026-01-08 06:15:00,2026-01-08 06:30:00,0.187500
2026-01-08 06:00:00,2026-01-08 06:15:00,0.159760
2026-01-08 05:45:00,2026-01-08 06:00:00,0.093240
2026-01-08 05:30:00,2026-01-08 05:45:00,0.107290
2026-01-08 05:15:00,2026-01-08 05:30:00,0.120190
2026-01-08 05:00:00,2026-01-08 05:15:00,0.121050
2026-01-08 04:45:00,2026-01-08 05:00:00,0.107300
2026-01-08 04:30:00,2026-01-08 04:45:00,0.107300
2026-01-08 04:15:00,2026-01-08 04:30:00,0.107300
2026-01-08 04:00:00,2026-01-08 04:15:00,0.082640
2026-01-08 03:45:00,2026-01-08 04:00:00,0.099910
2026-01-08 03:30:00,2026-01-08 03:45:00,0.083590
2026-01-08 03:15:00,2026-01-08 03:30:00,0.084940
2026-01-08 03:00:00,2026-01-08 03:15:00,0.084700
2026-01-08 02:45:00,2026-01-08 03:00:00,0.082350
2026-01-08 02:30:00,2026-01-08 02:45:00,0.086180
2026-01-08 02:15:00,2026-01-08 02:30:00,0.092120
2026-01-08 02:00:00,2026-01-08 02:15:00,0.093640
2026-01-08 01:45:00,2026-01-08 02:00:00,0.080800
2026-01-08 01:30:00,2026-01-08 01:45:00,0.087610
2026-01-08 01:15:00,2026-01-08 01:30:00,0.101530
2026-01-08 01:00:00,2026-01-08 01:15:00,0.131430
2026-01-08 00:45:00,2026-01-08 01:00:00,0.084100
2026-01-08 00:30:00,2026-01-08 00:45:00,0.111290
2026-01-08 00:15:00,2026-01-08 00:30:00,0.134830
2026-01-08 00:00:00,2026-01-08 00:15:00,0.126930
2026-01-07 23:45:00,2026-01-08 00:00:00,0.119160
2026-01-07 23:30:00,2026-01-07 23:45:00,0.118980
2026-01-07 23:15:00,2026-01-07 23:30:00,0.119140
2026-01-07 23:00:00,2026-01-07 23:15:00,0.132590
2026-01-07 22:45:00,2026-01-07 23:00:00,0.118850
2026-01-07 22:30:00,2026-01-07 22:45:00,0.128170
2026-01-07 22:15:00,2026-01-07 22:30:00,0.151680
2026-01-07 22:00:00,2026-01-07 22:15:00,0.164880
2026-01-07 21:45:00,2026-01-07 22:00:00,0.154980
2026-01-07 21:30:00,2026-01-07 21:45:00,0.170600
2026-01-07 21:15:00,2026-01-07 21:30:00,0.226330
2026-01-07 21:00:00,2026-01-07 21:15:00,0.287210
2026-01-07 20:45:00,2026-01-07 21:00:00,0.202210
2026-01-07 20:30:00,2026-01-07 20:45:00,0.206390
2026-01-07 20:15:00,2026-01-07 20:30:00,0.250020
2026-01-07 20:00:00,2026-01-07 20:15:00,0.258000
2026-01-07 19:45:00,2026-01-07 20:00:00,0.216480
2026-01-07 19:30:00,2026-01-07 19:45:00,0.216490
2026-01-07 19:15:00,2026-01-07 19:30:00,0.240000
2026-01-07 19:00:00,2026-01-07 19:15:00,0.276490
2026-01-07 18:45:00,2026-01-07 19:00:00,0.249180
2026-01-07 18:30:00,2026-01-07 18:45:00,0.250050
2026-01-07 18:15:00,2026-01-07 18:30:00,0.312870
2026-01-07 18:00:00,2026-01-07 18:15:00,0.270080
2026-01-07 17:45:00,2026-01-07 18:00:00,0.323710
2026-01-07 17:30:00,2026-01-07 17:45:00,0.288000
2026-01-07 17:15:00,2026-01-07 17:30:00,0.321590
2026-01-07 17:00:00,2026-01-07 17:15:00,0.216530
2026-01-07 16:45:00,2026-01-07 17:00:00,0.325170
2026-01-07 16:30:00,2026-01-07 16:45:00,0.310770
2026-01-07 16:15:00,2026-01-07 16:30:00,0.308570
2026-01-07 16:00:00,2026-01-07 16:15:00,0.308570
2026-01-07 15:45:00,2026-01-07 16:00:00,0.301000
2026-01-07 15:30:00,2026-01-07 15:45:00,0.326580
2026-01-07 15:15:00,2026-01-07 15:30:00,0.249050
2026-01-07 15:00:00,2026-01-07 15:15:00,0.235290
2026-01-07 14:45:00,2026-01-07 15:00:00,0.319860
2026-01-07 14:30:00,2026-01-07 14:45:00,0.302560
2026-01-07 14:15:00,2026-01-07 14:30:00,0.290000
2026-01-07 14:00:00,2026-01-07 14:15:00,0.250010
2026-01-07 13:45:00,2026-01-07 14:00:00,0.247810
2026-01-07 13:30:00,2026-01-07 13:45:00,0.246490
2026-01-07 13:15:00,2026-01-07 13:30:00,0.234520
2026-01-07 13:00:00,2026-01-07 13:15:00,0.231310
2026-01-07 12:45:00,2026-01-07 13:00:00,0.224800
2026-01-07 12:30:00,2026-01-07 12:45:00,0.226210
2026-01-07 12:15:00,2026-01-07 12:30:00,0.224060
2026-01-07 12:00:00,2026-01-07 12:15:00,0.205590
2026-01-07 11:45:00,2026-01-07 12:00:00,0.299930
2026-01-07 11:30:00,2026-01-07 11:45:00,0.350320
2026-01-07 11:15:00,2026-01-07 11:30:00,0.191600
2026-01-07 11:00:00,2026-01-07 11:15:00,0.212850
2026-01-07 10:45:00,2026-01-07 11:00:00,0.228470
2026-01-07 10:30:00,2026-01-07 10:45:00,0.247990
2026-01-07 10:15:00,2026-01-07 10:30:00,0.283540
2026-01-07 10:00:00,2026-01-07 10:15:00,0.239990
2026-01-07 09:45:00,2026-01-07 10:00:00,0.300000
2026-01-07 09:30:00,2026-01-07 09:45:00,0.321420
2026-01-07 09:15:00,2026-01-07 09:30:00,0.225780
2026-01-07 09:00:00,2026-01-07 09:15:00,0.192350
2026-01-07 08:45:00,2026-01-07 09:00:00,0.293890
2026-01-07 08:30:00,2026-01-07 08:45:00,0.211810
2026-01-07 08:15:00,2026-01-07 08:30:00,0.198980
2026-01-07 08:00:00,2026-01-07 08:15:00,0.174280
2026-01-07 07:45:00,2026-01-07 08:00:00,0.182180
2026-01-07 07:30:00,2026-01-07 07:45:00,0.160810
2026-01-07 07:15:00,2026-01-07 07:30:00,0.154190
2026-01-07 07:00:00,2026-01-07 07:15:00,0.122400
2026-01-07 06:45:00,2026-01-07 07:00:00,0.143830
2026-01-07 06:30:00,2026-01-07 06:45:00,0.111330
2026-01-07 06:15:00,2026-01-07 06:30:00,0.093270
2026-01-07 06:00:00,2026-01-07 06:15:00,0.084950
2026-01-07 05:45:00,2026-01-07 06:00:00,0.101390
2026-01-07 05:30:00,2026-01-07 05:45:00,0.099970
2026-01-07 05:15:00,2026-01-07 05:30:00,0.082610
2026-01-07 05:00:00,2026-01-07 05:15:00,0.080940
2026-01-07 04:45:00,2026-01-07 05:00:00,0.080550
2026-01-07 04:30:00,2026-01-07 04:45:00,0.081120
2026-01-07 04:15:00,2026-01-07 04:30:00,0.081830
2026-01-07 04:00:00,2026-01-07 04:15:00,0.083780
2026-01-07 03:45:00,2026-01-07 04:00:00,0.097720
2026-01-07 03:30:00,2026-01-07 03:45:00,0.085770
2026-01-07 03:15:00,2026-01-07 03:30:00,0.085000
2026-01-07 03:00:00,2026-01-07 03:15:00,0.087020
2026-01-07 02:45:00,2026-01-07 03:00:00,0.085310
2026-01-07 02:30:00,2026-01-07 02:45:00,0.086640
2026-01-07 02:15:00,2026-01-07 02:30:00,0.090410
2026-01-07 02:00:00,2026-01-07 02:15:00,0.093340
2026-01-07 01:45:00,2026-01-07 02:00:00,0.086220
2026-01-07 01:30:00,2026-01-07 01:45:00,0.089810
2026-01-07 01:15:00,2026-01-07 01:30:00,0.106390
2026-01-07 01:00:00,2026-01-07 01:15:00,0.131980
2026-01-07 00:45:00,2026-01-07 01:00:00,0.084540
2026-01-07 00:30:00,2026-01-07 00:45:00,0.091310
2026-01-07 00:15:00,2026-01-07 00:30:00,0.095370
2026-01-07 00:00:00,2026-01-07 00:15:00,0.108220
2026-01-06 23:45:00,2026-01-07 00:00:00,0.112010
2026-01-06 23:30:00,2026-01-06 23:45:00,0.115410
2026-01-06 23:15:00,2026-01-06 23:30:00,0.115660
2026-01-06 23:00:00,2026-01-06 23:15:00,0.149020
2026-01-06 22:45:00,2026-01-06 23:00:00,0.117000
2026-01-06 22:30:00,2026-01-06 22:45:00,0.117000
2026-01-06 22:15:00,2026-01-06 22:30:00,0.117030
2026-01-06 22:00:00,2026-01-06 22:15:00,0.122630
2026-01-06 21:45:00,2026-01-06 22:00:00,0.101490
2026-01-06 21:30:00,2026-01-06 21:45:00,0.111710
2026-01-06 21:15:00,2026-01-06 21:30:00,0.119350
2026-01-06 21:00:00,2026-01-06 21:15:00,0.129510
2026-01-06 20:45:00,2026-01-06 21:00:00,0.127730
2026-01-06 20:30:00,2026-01-06 20:45:00,0.133880
2026-01-06 20:15:00,2026-01-06 20:30:00,0.139880
2026-01-06 20:00:00,2026-01-06 20:15:00,0.154980
2026-01-06 19:45:00,2026-01-06 20:00:00,0.135990
2026-01-06 19:30:00,2026-01-06 19:45:00,0.148200
2026-01-06 19:15:00,2026-01-06 19:30:00,0.151350
2026-01-06 19:00:00,2026-01-06 19:15:00,0.160350
2026-01-06 18:45:00,2026-01-06 19:00:00,0.160700
2026-01-06 18:30:00,2026-01-06 18:45:00,0.162000
2026-01-06 18:15:00,2026-01-06 18:30:00,0.150060
2026-01-06 18:00:00,2026-01-06 18:15:00,0.147950
2026-01-06 17:45:00,2026-01-06 18:00:00,0.160620
2026-01-06 17:30:00,2026-01-06 17:45:00,0.151540
2026-01-06 17:15:00,2026-01-06 17:30:00,0.146190
2026-01-06 17:00:00,2026-01-06 17:15:00,0.134730
2026-01-06 16:45:00,2026-01-06 17:00:00,0.150300
2026-01-06 16:30:00,2026-01-06 16:45:00,0.140140
2026-01-06 16:15:00,2026-01-06 16:30:00,0.135310
2026-01-06 16:00:00,2026-01-06 16:15:00,0.128540
2026-01-06 15:45:00,2026-01-06 16:00:00,0.138010
2026-01-06 15:30:00,2026-01-06 15:45:00,0.130940
2026-01-06 15:15:00,2026-01-06 15:30:00,0.130380
2026-01-06 15:00:00,2026-01-06 15:15:00,0.127720
2026-01-06 14:45:00,2026-01-06 15:00:00,0.128930
2026-01-06 14:30:00,2026-01-06 14:45:00,0.128520
2026-01-06 14:15:00,2026-01-06 14:30:00,0.131570
2026-01-06 14:00:00,2026-01-06 14:15:00,0.133680
2026-01-06 13:45:00,2026-01-06 14:00:00,0.130110
2026-01-06 13:30:00,2026-01-06 13:45:00,0.133690
2026-01-06 13:15:00,2026-01-06 13:30:00,0.137940
2026-01-06 13:00:00,2026-01-06 13:15:00,0.147810
2026-01-06 12:45:00,2026-01-06 13:00:00,0.136000
2026-01-06 12:30:00,2026-01-06 12:45:00,0.142970
2026-01-06 12:15:00,2026-01-06 12:30:00,0.148460
2026-01-06 12:00:00,2026-01-06 12:15:00,0.161620
2026-01-06 11:45:00,2026-01-06 12:00:00,0.142400
2026-01-06 11:30:00,2026-01-06 11:45:00,0.150010
2026-01-06 11:15:00,2026-01-06 11:30:00,0.150080
2026-01-06 11:00:00,2026-01-06 11:15:00,0.176850
2026-01-06 10:45:00,2026-01-06 11:00:00,0.149600
2026-01-06 10:30:00,2026-01-06 10:45:00,0.166320
2026-01-06 10:15:00,2026-01-06 10:30:00,0.169930
2026-01-06 10:00:00,2026-01-06 10:15:00,0.189550
2026-01-06 09:45:00,2026-01-06 10:00:00,0.166300
2026-01-06 09:30:00,2026-01-06 09:45:00,0.170950
2026-01-06 09:15:00,2026-01-06 09:30:00,0.168670
2026-01-06 09:00:00,2026-01-06 09:15:00,0.153470
2026-01-06 08:45:00,2026-01-06 09:00:00,0.146990
2026-01-06 08:30:00,2026-01-06 08:45:00,0.147400
2026-01-06 08:15:00,2026-01-06 08:30:00,0.137860
2026-01-06 08:00:00,2026-01-06 08:15:00,0.121670
2026-01-06 07:45:00,2026-01-06 08:00:00,0.133910
2026-01-06 07:30:00,2026-01-06 07:45:00,0.121420
2026-01-06 07:15:00,2026-01-06 07:30:00,0.117750
2026-01-06 07:00:00,2026-01-06 07:15:00,0.112070
2026-01-06 06:45:00,2026-01-06 07:00:00,0.114500
2026-01-06 06:30:00,2026-01-06 06:45:00,0.110780
2026-01-06 06:15:00,2026-01-06 06:30:00,0.102330
2026-01-06 06:00:00,2026-01-06 06:15:00,0.100390
2026-01-06 05:45:00,2026-01-06 06:00:00,0.133700
2026-01-06 05:30:00,2026-01-06 05:45:00,0.112110
2026-01-06 05:15:00,2026-01-06 05:30:00,0.108200
2026-01-06 05:00:00,2026-01-06 05:15:00,0.104130
2026-01-06 04:45:00,2026-01-06 05:00:00,0.110020
2026-01-06 04:30:00,2026-01-06 04:45:00,0.107670
2026-01-06 04:15:00,2026-01-06 04:30:00,0.105190
2026-01-06 04:00:00,2026-01-06 04:15:00,0.105060
2026-01-06 03:45:00,2026-01-06 04:00:00,0.100110
2026-01-06 03:30:00,2026-01-06 03:45:00,0.100860
2026-01-06 03:15:00,2026-01-06 03:30:00,0.101380
2026-01-06 03:00:00,2026-01-06 03:15:00,0.104370
2026-01-06 02:45:00,2026-01-06 03:00:00,0.110010
2026-01-06 02:30:00,2026-01-06 02:45:00,0.111290
2026-01-06 02:15:00,2026-01-06 02:30:00,0.114120
2026-01-06 02:00:00,2026-01-06 02:15:00,0.133690
2026-01-06 01:45:00,2026-01-06 02:00:00,0.105200
2026-01-06 01:30:00,2026-01-06 01:45:00,0.111290
2026-01-06 01:15:00,2026-01-06 01:30:00,0.133690
2026-01-06 01:00:00,2026-01-06 01:15:00,0.150300
2026-01-06 00:45:00,2026-01-06 01:00:00,0.106020
2026-01-06 00:30:00,2026-01-06 00:45:00,0.107260
2026-01-06 00:15:00,2026-01-06 00:30:00,0.112410
2026-01-06 00:00:00,2026-01-06 00:15:00,0.119510
2026-01-05 23:45:00,2026-01-06 00:00:00,0.120030
2026-01-05 23:30:00,2026-01-05 23:45:00,0.124170
2026-01-05 23:15:00,2026-01-05 23:30:00,0.122470
2026-01-05 23:00:00,2026-01-05 23:15:00,0.128700
2026-01-05 22:45:00,2026-01-05 23:00:00,0.117780
2026-01-05 22:30:00,2026-01-05 22:45:00,0.125750
2026-01-05 22:15:00,2026-01-05 22:30:00,0.135050
2026-01-05 22:00:00,2026-01-05 22:15:00,0.137820
2026-01-05 21:45:00,2026-01-05 22:00:00,0.132000
2026-01-05 21:30:00,2026-01-05 21:45:00,0.138090
2026-01-05 21:15:00,2026-01-05 21:30:00,0.146730
2026-01-05 21:00:00,2026-01-05 21:15:00,0.171300
2026-01-05 20:45:00,2026-01-05 21:00:00,0.138110
2026-01-05 20:30:00,2026-01-05 20:45:00,0.162000
2026-01-05 20:15:00,2026-01-05 20:30:00,0.208910
2026-01-05 20:00:00,2026-01-05 20:15:00,0.222120
2026-01-05 19:45:00,2026-01-05 20:00:00,0.205940
2026-01-05 19:30:00,2026-01-05 19:45:00,0.222720
2026-01-05 19:15:00,2026-01-05 19:30:00,0.222010
2026-01-05 19:00:00,2026-01-05 19:15:00,0.225010
2026-01-05 18:45:00,2026-01-05 19:00:00,0.249350
2026-01-05 18:30:00,2026-01-05 18:45:00,0.250580
2026-01-05 18:15:00,2026-01-05 18:30:00,0.213270
2026-01-05 18:00:00,2026-01-05 18:15:00,0.200230
2026-01-05 17:45:00,2026-01-05 18:00:00,0.242230
2026-01-05 17:30:00,2026-01-05 17:45:00,0.242220
2026-01-05 17:15:00,2026-01-05 17:30:00,0.212250
2026-01-05 17:00:00,2026-01-05 17:15:00,0.195000
2026-01-05 16:45:00,2026-01-05 17:00:00,0.237470
2026-01-05 16:30:00,2026-01-05 16:45:00,0.207350
2026-01-05 16:15:00,2026-01-05 16:30:00,0.194140
2026-01-05 16:00:00,2026-01-05 16:15:00,0.163480
2026-01-05 15:45:00,2026-01-05 16:00:00,0.187350
2026-01-05 15:30:00,2026-01-05 15:45:00,0.157940
2026-01-05 15:15:00,2026-01-05 15:30:00,0.150130
2026-01-05 15:00:00,2026-01-05 15:15:00,0.141140
2026-01-05 14:45:00,2026-01-05 15:00:00,0.150090
2026-01-05 14:30:00,2026-01-05 14:45:00,0.149620
2026-01-05 14:15:00,2026-01-05 14:30:00,0.136580
2026-01-05 14:00:00,2026-01-05 14:15:00,0.134890
2026-01-05 13:45:00,2026-01-05 14:00:00,0.139420
2026-01-05 13:30:00,2026-01-05 13:45:00,0.137200
2026-01-05 13:15:00,2026-01-05 13:30:00,0.136300
2026-01-05 13:00:00,2026-01-05 13:15:00,0.137850
2026-01-05 12:45:00,2026-01-05 13:00:00,0.137350
2026-01-05 12:30:00,2026-01-05 12:45:00,0.139410
2026-01-05 12:15:00,2026-01-05 12:30:00,0.139750
2026-01-05 12:00:00,2026-01-05 12:15:00,0.143410
2026-01-05 11:45:00,2026-01-05 12:00:00,0.134670
2026-01-05 11:30:00,2026-01-05 11:45:00,0.140270
2026-01-05 11:15:00,2026-01-05 11:30:00,0.146540
2026-01-05 11:00:00,2026-01-05 11:15:00,0.162450
2026-01-05 10:45:00,2026-01-05 11:00:00,0.136900
2026-01-05 10:30:00,2026-01-05 10:45:00,0.147220
2026-01-05 10:15:00,2026-01-05 10:30:00,0.161480
2026-01-05 10:00:00,2026-01-05 10:15:00,0.162980
2026-01-05 09:45:00,2026-01-05 10:00:00,0.153890
2026-01-05 09:30:00,2026-01-05 09:45:00,0.148970
2026-01-05 09:15:00,2026-01-05 09:30:00,0.156480
2026-01-05 09:00:00,2026-01-05 09:15:00,0.145350
2026-01-05 08:45:00,2026-01-05 09:00:00,0.148910
2026-01-05 08:30:00,2026-01-05 08:45:00,0.132960
2026-01-05 08:15:00,2026-01-05 08:30:00,0.120920
2026-01-05 08:00:00,2026-01-05 08:15:00,0.114460
2026-01-05 07:45:00,2026-01-05 08:00:00,0.129770
2026-01-05 07:30:00,2026-01-05 07:45:00,0.127280
2026-01-05 07:15:00,2026-01-05 07:30:00,0.126790
2026-01-05 07:00:00,2026-01-05 07:15:00,0.110020
2026-01-05 06:45:00,2026-01-05 07:00:00,0.139370
2026-01-05 06:30:00,2026-01-05 06:45:00,0.112040
2026-01-05 06:15:00,2026-01-05 06:30:00,0.142940
2026-01-05 06:00:00,2026-01-05 06:15:00,0.110070
2026-01-05 05:45:00,2026-01-05 06:00:00,0.134900
2026-01-05 05:30:00,2026-01-05 05:45:00,0.110020
2026-01-05 05:15:00,2026-01-05 05:30:00,0.094980
2026-01-05 05:00:00,2026-01-05 05:15:00,0.086250
2026-01-05 04:45:00,2026-01-05 05:00:00,0.109350
2026-01-05 04:30:00,2026-01-05 04:45:00,0.105360
2026-01-05 04:15:00,2026-01-05 04:30:00,0.100000
2026-01-05 04:00:00,2026-01-05 04:15:00,0.099930
2026-01-05 03:45:00,2026-01-05 04:00:00,0.094510
2026-01-05 03:30:00,2026-01-05 03:45:00,0.094600
2026-01-05 03:15:00,2026-01-05 03:30:00,0.097310
2026-01-05 03:00:00,2026-01-05 03:15:00,0.101210
2026-01-05 02:45:00,2026-01-05 03:00:00,0.096460
2026-01-05 02:30:00,2026-01-05 02:45:00,0.100050
2026-01-05 02:15:00,2026-01-05 02:30:00,0.110030
2026-01-05 02:00:00,2026-01-05 02:15:00,0.123700
2026-01-05 01:45:00,2026-01-05 02:00:00,0.103750
2026-01-05 01:30:00,2026-01-05 01:45:00,0.123810
2026-01-05 01:15:00,2026-01-05 01:30:00,0.144170
2026-01-05 01:00:00,2026-01-05 01:15:00,0.150030
2026-01-05 00:45:00,2026-01-05 01:00:00,0.083170
2026-01-05 00:30:00,2026-01-05 00:45:00,0.086330
2026-01-05 00:15:00,2026-01-05 00:30:00,0.089730
2026-01-05 00:00:00,2026-01-05 00:15:00,0.097610
2026-01-04 23:45:00,2026-01-05 00:00:00,0.090680
2026-01-04 23:30:00,2026-01-04 23:45:00,0.097830
2026-01-04 23:15:00,2026-01-04 23:30:00,0.117610
2026-01-04 23:00:00,2026-01-04 23:15:00,0.134140
2026-01-04 22:45:00,2026-01-04 23:00:00,0.126390
2026-01-04 22:30:00,2026-01-04 22:45:00,0.135390
2026-01-04 22:15:00,2026-01-04 22:30:00,0.136710
2026-01-04 22:00:00,2026-01-04 22:15:00,0.110000
2026-01-04 21:45:00,2026-01-04 22:00:00,0.103170
2026-01-04 21:30:00,2026-01-04 21:45:00,0.110000
2026-01-04 21:15:00,2026-01-04 21:30:00,0.115330
2026-01-04 21:00:00,2026-01-04 21:15:00,0.121300
2026-01-04 20:45:00,2026-01-04 21:00:00,0.115060
2026-01-04 20:30:00,2026-01-04 20:45:00,0.119380
2026-01-04 20:15:00,2026-01-04 20:30:00,0.120920
2026-01-04 20:00:00,2026-01-04 20:15:00,0.123500
2026-01-04 19:45:00,2026-01-04 20:00:00,0.124900
2026-01-04 19:30:00,2026-01-04 19:45:00,0.125000
2026-01-04 19:15:00,2026-01-04 19:30:00,0.125240
2026-01-04 19:00:00,2026-01-04 19:15:00,0.126810
2026-01-04 18:45:00,2026-01-04 19:00:00,0.127400
2026-01-04 18:30:00,2026-01-04 18:45:00,0.127320
2026-01-04 18:15:00,2026-01-04 18:30:00,0.142920
2026-01-04 18:00:00,2026-01-04 18:15:00,0.176660
2026-01-04 17:45:00,2026-01-04 18:00:00,0.117940
2026-01-04 17:30:00,2026-01-04 17:45:00,0.121130
2026-01-04 17:15:00,2026-01-04 17:30:00,0.143280
2026-01-04 17:00:00,2026-01-04 17:15:00,0.174160
2026-01-04 16:45:00,2026-01-04 17:00:00,0.162900
2026-01-04 16:30:00,2026-01-04 16:45:00,0.186540
2026-01-04 16:15:00,2026-01-04 16:30:00,0.149990
2026-01-04 16:00:00,2026-01-04 16:15:00,0.149990
2026-01-04 15:45:00,2026-01-04 16:00:00,0.172310
2026-01-04 15:30:00,2026-01-04 15:45:00,0.149990
2026-01-04 15:15:00,2026-01-04 15:30:00,0.099970
2026-01-04 15:00:00,2026-01-04 15:15:00,0.083500
2026-01-04 14:45:00,2026-01-04 15:00:00,0.149990
2026-01-04 14:30:00,2026-01-04 14:45:00,0.128510
2026-01-04 14:15:00,2026-01-04 14:30:00,0.085270
2026-01-04 14:00:00,2026-01-04 14:15:00,0.086200
2026-01-04 13:45:00,2026-01-04 14:00:00,0.118520
2026-01-04 13:30:00,2026-01-04 13:45:00,0.089940
2026-01-04 13:15:00,2026-01-04 13:30:00,0.089700
2026-01-04 13:00:00,2026-01-04 13:15:00,0.091300
2026-01-04 12:45:00,2026-01-04 13:00:00,0.190000
2026-01-04 12:30:00,2026-01-04 12:45:00,0.142950
2026-01-04 12:15:00,2026-01-04 12:30:00,0.089990
2026-01-04 12:00:00,2026-01-04 12:15:00,0.093850
2026-01-04 11:45:00,2026-01-04 12:00:00,0.086970
2026-01-04 11:30:00,2026-01-04 11:45:00,0.090920
2026-01-04 11:15:00,2026-01-04 11:30:00,0.097190
2026-01-04 11:00:00,2026-01-04 11:15:00,0.103940
2026-01-04 10:45:00,2026-01-04 11:00:00,0.091190
2026-01-04 10:30:00,2026-01-04 10:45:00,0.095990
2026-01-04 10:15:00,2026-01-04 10:30:00,0.096000
2026-01-04 10:00:00,2026-01-04 10:15:00,0.094020
2026-01-04 09:45:00,2026-01-04 10:00:00,0.086990
2026-01-04 09:30:00,2026-01-04 09:45:00,0.086280
2026-01-04 09:15:00,2026-01-04 09:30:00,0.085000
2026-01-04 09:00:00,2026-01-04 09:15:00,0.084180
2026-01-04 08:45:00,2026-01-04 09:00:00,0.087310
2026-01-04 08:30:00,2026-01-04 08:45:00,0.084380
2026-01-04 08:15:00,2026-01-04 08:30:00,0.082030
2026-01-04 08:00:00,2026-01-04 08:15:00,0.081850
2026-01-04 07:45:00,2026-01-04 08:00:00,0.082160
2026-01-04 07:30:00,2026-01-04 07:45:00,0.081100
2026-01-04 07:15:00,2026-01-04 07:30:00,0.081220
2026-01-04 07:00:00,2026-01-04 07:15:00,0.080310
2026-01-04 06:45:00,2026-01-04 07:00:00,0.081330
2026-01-04 06:30:00,2026-01-04 06:45:00,0.081370
2026-01-04 06:15:00,2026-01-04 06:30:00,0.080640
2026-01-04 06:00:00,2026-01-04 06:15:00,0.080060
2026-01-04 05:45:00,2026-01-04 06:00:00,0.080460
2026-01-04 05:30:00,2026-01-04 05:45:00,0.080020
2026-01-04 05:15:00,2026-01-04 05:30:00,0.079970
2026-01-04 05:00:00,2026-01-04 05:15:00,0.080040
2026-01-04 04:45:00,2026-01-04 05:00:00,0.080480
2026-01-04 04:30:00,2026-01-04 04:45:00,0.080840
2026-01-04 04:15:00,2026-01-04 04:30:00,0.081270
2026-01-04 04:00:00,2026-01-04 04:15:00,0.081980
2026-01-04 03:45:00,2026-01-04 04:00:00,0.081400
2026-01-04 03:30:00,2026-01-04 03:45:00,0.081580
2026-01-04 03:15:00,2026-01-04 03:30:00,0.082220
2026-01-04 03:00:00,2026-01-04 03:15:00,0.084260
2026-01-04 02:45:00,2026-01-04 03:00:00,0.081490
2026-01-04 02:30:00,2026-01-04 02:45:00,0.081630
2026-01-04 02:15:00,2026-01-04 02:30:00,0.082780
2026-01-04 02:00:00,2026-01-04 02:15:00,0.084740
2026-01-04 01:45:00,2026-01-04 02:00:00,0.081740
2026-01-04 01:30:00,2026-01-04 01:45:00,0.085060
2026-01-04 01:15:00,2026-01-04 01:30:00,0.086150
2026-01-04 01:00:00,2026-01-04 01:15:00,0.083000
2026-01-04 00:45:00,2026-01-04 01:00:00,0.075780
2026-01-04 00:30:00,2026-01-04 00:45:00,0.080000
2026-01-04 00:15:00,2026-01-04 00:30:00,0.083950
2026-01-04 00:00:00,2026-01-04 00:15:00,0.088300
2026-01-03 23:45:00,2026-01-04 00:00:00,0.084890
2026-01-03 23:30:00,2026-01-03 23:45:00,0.088680
2026-01-03 23:15:00,2026-01-03 23:30:00,0.088840
2026-01-03 23:00:00,2026-01-03 23:15:00,0.090950
2026-01-03 22:45:00,2026-01-03 23:00:00,0.082780
2026-01-03 22:30:00,2026-01-03 22:45:00,0.096440
2026-01-03 22:15:00,2026-01-03 22:30:00,0.100100
2026-01-03 22:00:00,2026-01-03 22:15:00,0.106730
2026-01-03 21:45:00,2026-01-03 22:00:00,0.100100
2026-01-03 21:30:00,2026-01-03 21:45:00,0.104370
2026-01-03 21:15:00,2026-01-03 21:30:00,0.106730
2026-01-03 21:00:00,2026-01-03 21:15:00,0.108190
2026-01-03 20:45:00,2026-01-03 21:00:00,0.106300
2026-01-03 20:30:00,2026-01-03 20:45:00,0.106740
2026-01-03 20:15:00,2026-01-03 20:30:00,0.109920
2026-01-03 20:00:00,2026-01-03 20:15:00,0.111350
2026-01-03 19:45:00,2026-01-03 20:00:00,0.110060
2026-01-03 19:30:00,2026-01-03 19:45:00,0.112420
2026-01-03 19:15:00,2026-01-03 19:30:00,0.111720
2026-01-03 19:00:00,2026-01-03 19:15:00,0.114450
2026-01-03 18:45:00,2026-01-03 19:00:00,0.111910
2026-01-03 18:30:00,2026-01-03 18:45:00,0.111010
2026-01-03 18:15:00,2026-01-03 18:30:00,0.110060
2026-01-03 18:00:00,2026-01-03 18:15:00,0.110330
2026-01-03 17:45:00,2026-01-03 18:00:00,0.108490
2026-01-03 17:30:00,2026-01-03 17:45:00,0.106990
2026-01-03 17:15:00,2026-01-03 17:30:00,0.105790
2026-01-03 17:00:00,2026-01-03 17:15:00,0.099230
2026-01-03 16:45:00,2026-01-03 17:00:00,0.138750
2026-01-03 16:30:00,2026-01-03 16:45:00,0.142930
2026-01-03 16:15:00,2026-01-03 16:30:00,0.130800
2026-01-03 16:00:00,2026-01-03 16:15:00,0.090000
2026-01-03 15:45:00,2026-01-03 16:00:00,0.149990
2026-01-03 15:30:00,2026-01-03 15:45:00,0.090700
2026-01-03 15:15:00,2026-01-03 15:30:00,0.112250
2026-01-03 15:00:00,2026-01-03 15:15:00,0.122010
2026-01-03 14:45:00,2026-01-03 15:00:00,0.088990
2026-01-03 14:30:00,2026-01-03 14:45:00,0.140110
2026-01-03 14:15:00,2026-01-03 14:30:00,0.147950
2026-01-03 14:00:00,2026-01-03 14:15:00,0.147990
2026-01-03 13:45:00,2026-01-03 14:00:00,0.165500
2026-01-03 13:30:00,2026-01-03 13:45:00,0.165500
2026-01-03 13:15:00,2026-01-03 13:30:00,0.165500
2026-01-03 13:00:00,2026-01-03 13:15:00,0.165500
2026-01-03 12:45:00,2026-01-03 13:00:00,0.147960
2026-01-03 12:30:00,2026-01-03 12:45:00,0.159790
2026-01-03 12:15:00,2026-01-03 12:30:00,0.150520
2026-01-03 12:00:00,2026-01-03 12:15:00,0.159770
2026-01-03 11:45:00,2026-01-03 12:00:00,0.150000
2026-01-03 11:30:00,2026-01-03 11:45:00,0.150000
2026-01-03 11:15:00,2026-01-03 11:30:00,0.155140
2026-01-03 11:00:00,2026-01-03 11:15:00,0.150000
2026-01-03 10:45:00,2026-01-03 11:00:00,0.165510
2026-01-03 10:30:00,2026-01-03 10:45:00,0.165510
2026-01-03 10:15:00,2026-01-03 10:30:00,0.165510
2026-01-03 10:00:00,2026-01-03 10:15:00,0.165500
2026-01-03 09:45:00,2026-01-03 10:00:00,0.092650
2026-01-03 09:30:00,2026-01-03 09:45:00,0.091910
2026-01-03 09:15:00,2026-01-03 09:30:00,0.090350
2026-01-03 09:00:00,2026-01-03 09:15:00,0.150000
2026-01-03 08:45:00,2026-01-03 09:00:00,0.085450
2026-01-03 08:30:00,2026-01-03 08:45:00,0.138270
2026-01-03 08:15:00,2026-01-03 08:30:00,0.080010
2026-01-03 08:00:00,2026-01-03 08:15:00,0.150250
2026-01-03 07:45:00,2026-01-03 08:00:00,0.081610
2026-01-03 07:30:00,2026-01-03 07:45:00,0.142910
2026-01-03 07:15:00,2026-01-03 07:30:00,0.070000
2026-01-03 07:00:00,2026-01-03 07:15:00,0.150190
2026-01-03 06:45:00,2026-01-03 07:00:00,0.068910
2026-01-03 06:30:00,2026-01-03 06:45:00,0.075300
2026-01-03 06:15:00,2026-01-03 06:30:00,0.066480
2026-01-03 06:00:00,2026-01-03 06:15:00,0.070000
2026-01-03 05:45:00,2026-01-03 06:00:00,0.058830
2026-01-03 05:30:00,2026-01-03 05:45:00,0.046180
2026-01-03 05:15:00,2026-01-03 05:30:00,0.046040
2026-01-03 05:00:00,2026-01-03 05:15:00,0.051150
2026-01-03 04:45:00,2026-01-03 05:00:00,0.045130
2026-01-03 04:30:00,2026-01-03 04:45:00,0.045170
2026-01-03 04:15:00,2026-01-03 04:30:00,0.042770
2026-01-03 04:00:00,2026-01-03 04:15:00,0.041590
2026-01-03 03:45:00,2026-01-03 04:00:00,0.045260
2026-01-03 03:30:00,2026-01-03 03:45:00,0.046370
2026-01-03 03:15:00,2026-01-03 03:30:00,0.046410
2026-01-03 03:00:00,2026-01-03 03:15:00,0.046990
2026-01-03 02:45:00,2026-01-03 03:00:00,0.048110
2026-01-03 02:30:00,2026-01-03 02:45:00,0.048290
2026-01-03 02:15:00,2026-01-03 02:30:00,0.049190
2026-01-03 02:00:00,2026-01-03 02:15:00,0.049860
2026-01-03 01:45:00,2026-01-03 02:00:00,0.047390
2026-01-03 01:30:00,2026-01-03 01:45:00,0.049030
2026-01-03 01:15:00,2026-01-03 01:30:00,0.050430
2026-01-03 01:00:00,2026-01-03 01:15:00,0.100280
2026-01-03 00:45:00,2026-01-03 01:00:00,0.032940
2026-01-03 00:30:00,2026-01-03 00:45:00,0.040100
2026-01-03 00:15:00,2026-01-03 00:30:00,0.043700
2026-01-03 00:00:00,2026-01-03 00:15:00,0.044840
2026-01-02 23:45:00,2026-01-03 00:00:00,0.057790
2026-01-02 23:30:00,2026-01-02 23:45:00,0.063650
2026-01-02 23:15:00,2026-01-02 23:30:00,0.063050
2026-01-02 23:00:00,2026-01-02 23:15:00,0.068250
2026-01-02 22:45:00,2026-01-02 23:00:00,0.074330
2026-01-02 22:30:00,2026-01-02 22:45:00,0.080180
2026-01-02 22:15:00,2026-01-02 22:30:00,0.082390
2026-01-02 22:00:00,2026-01-02 22:15:00,0.082810
2026-01-02 21:45:00,2026-01-02 22:00:00,0.083150
2026-01-02 21:30:00,2026-01-02 21:45:00,0.084570
2026-01-02 21:15:00,2026-01-02 21:30:00,0.087890
2026-01-02 21:00:00,2026-01-02 21:15:00,0.093630
2026-01-02 20:45:00,2026-01-02 21:00:00,0.086720
2026-01-02 20:30:00,2026-01-02 20:45:00,0.088310
2026-01-02 20:15:00,2026-01-02 20:30:00,0.090210
2026-01-02 20:00:00,2026-01-02 20:15:00,0.104450
2026-01-02 19:45:00,2026-01-02 20:00:00,0.072940
2026-01-02 19:30:00,2026-01-02 19:45:00,0.089750
2026-01-02 19:15:00,2026-01-02 19:30:00,0.088260
2026-01-02 19:00:00,2026-01-02 19:15:00,0.088380
2026-01-02 18:45:00,2026-01-02 19:00:00,0.083890
2026-01-02 18:30:00,2026-01-02 18:45:00,0.083930
2026-01-02 18:15:00,2026-01-02 18:30:00,0.083880
2026-01-02 18:00:00,2026-01-02 18:15:00,0.081800
2026-01-02 17:45:00,2026-01-02 18:00:00,0.088290
2026-01-02 17:30:00,2026-01-02 17:45:00,0.086260
2026-01-02 17:15:00,2026-01-02 17:30:00,0.082020
2026-01-02 17:00:00,2026-01-02 17:15:00,0.073910
2026-01-02 16:45:00,2026-01-02 17:00:00,0.082650
2026-01-02 16:30:00,2026-01-02 16:45:00,0.079110
2026-01-02 16:15:00,2026-01-02 16:30:00,0.074950
2026-01-02 16:00:00,2026-01-02 16:15:00,0.067460
2026-01-02 15:45:00,2026-01-02 16:00:00,0.071930
2026-01-02 15:30:00,2026-01-02 15:45:00,0.066990
2026-01-02 15:15:00,2026-01-02 15:30:00,0.068300
2026-01-02 15:00:00,2026-01-02 15:15:00,0.062060
2026-01-02 14:45:00,2026-01-02 15:00:00,0.065810
2026-01-02 14:30:00,2026-01-02 14:45:00,0.062270
2026-01-02 14:15:00,2026-01-02 14:30:00,0.063820
2026-01-02 14:00:00,2026-01-02 14:15:00,0.065260
2026-01-02 13:45:00,2026-01-02 14:00:00,0.060010
2026-01-02 13:30:00,2026-01-02 13:45:00,0.058070
2026-01-02 13:15:00,2026-01-02 13:30:00,0.057670
2026-01-02 13:00:00,2026-01-02 13:15:00,0.060000
2026-01-02 12:45:00,2026-01-02 13:00:00,0.054430
2026-01-02 12:30:00,2026-01-02 12:45:00,0.056940
2026-01-02 12:15:00,2026-01-02 12:30:00,0.057300
2026-01-02 12:00:00,2026-01-02 12:15:00,0.053780
2026-01-02 11:45:00,2026-01-02 12:00:00,0.055020
2026-01-02 11:30:00,2026-01-02 11:45:00,0.055100
2026-01-02 11:15:00,2026-01-02 11:30:00,0.058140
2026-01-02 11:00:00,2026-01-02 11:15:00,0.062170
2026-01-02 10:45:00,2026-01-02 11:00:00,0.067640
2026-01-02 10:30:00,2026-01-02 10:45:00,0.068860
2026-01-02 10:15:00,2026-01-02 10:30:00,0.064370
2026-01-02 10:00:00,2026-01-02 10:15:00,0.064370
2026-01-02 09:45:00,2026-01-02 10:00:00,0.064810
2026-01-02 09:30:00,2026-01-02 09:45:00,0.062420
2026-01-02 09:15:00,2026-01-02 09:30:00,0.057730
2026-01-02 09:00:00,2026-01-02 09:15:00,0.055590
2026-01-02 08:45:00,2026-01-02 09:00:00,0.052970
2026-01-02 08:30:00,2026-01-02 08:45:00,0.048640
2026-01-02 08:15:00,2026-01-02 08:30:00,0.040000
2026-01-02 08:00:00,2026-01-02 08:15:00,0.031100
2026-01-02 07:45:00,2026-01-02 08:00:00,0.032150
2026-01-02 07:30:00,2026-01-02 07:45:00,0.025620
2026-01-02 07:15:00,2026-01-02 07:30:00,0.020590
2026-01-02 07:00:00,2026-01-02 07:15:00,0.013300
2026-01-02 06:45:00,2026-01-02 07:00:00,0.019880
2026-01-02 06:30:00,2026-01-02 06:45:00,0.015250
2026-01-02 06:15:00,2026-01-02 06:30:00,0.013800
2026-01-02 06:00:00,2026-01-02 06:15:00,0.010790
2026-01-02 05:45:00,2026-01-02 06:00:00,0.009990
2026-01-02 05:30:00,2026-01-02 05:45:00,0.007350
2026-01-02 05:15:00,2026-01-02 05:30:00,0.007200
2026-01-02 05:00:00,2026-01-02 05:15:00,0.007160
2026-01-02 04:45:00,2026-01-02 05:00:00,0.007770
2026-01-02 04:30:00,2026-01-02 04:45:00,0.007300
2026-01-02 04:15:00,2026-01-02 04:30:00,0.007570
2026-01-02 04:00:00,2026-01-02 04:15:00,0.007960
2026-01-02 03:45:00,2026-01-02 04:00:00,0.008820
2026-01-02 03:30:00,2026-01-02 03:45:00,0.010000
2026-01-02 03:15:00,2026-01-02 03:30:00,0.010010
2026-01-02 03:00:00,2026-01-02 03:15:00,0.010400
2026-01-02 02:45:00,2026-01-02 03:00:00,0.009760
2026-01-02 02:30:00,2026-01-02 02:45:00,0.010400
2026-01-02 02:15:00,2026-01-02 02:30:00,0.011910
2026-01-02 02:00:00,2026-01-02 02:15:00,0.013080
2026-01-02 01:45:00,2026-01-02 02:00:00,0.012840
2026-01-02 01:30:00,2026-01-02 01:45:00,0.014630
2026-01-02 01:15:00,2026-01-02 01:30:00,0.015280
2026-01-02 01:00:00,2026-01-02 01:15:00,0.015140
2026-01-02 00:45:00,2026-01-02 01:00:00,0.015250
2026-01-02 00:30:00,2026-01-02 00:45:00,0.015290
2026-01-02 00:15:00,2026-01-02 00:30:00,0.018830
2026-01-02 00:00:00,2026-01-02 00:15:00,0.025050
2026-01-01 23:45:00,2026-01-02 00:00:00,0.021530
2026-01-01 23:30:00,2026-01-01 23:45:00,0.027390
2026-01-01 23:15:00,2026-01-01 23:30:00,0.030010
2026-01-01 23:00:00,2026-01-01 23:15:00,0.033970
2026-01-01 22:45:00,2026-01-01 23:00:00,0.033410
2026-01-01 22:30:00,2026-01-01 22:45:00,0.034550
2026-01-01 22:15:00,2026-01-01 22:30:00,0.034910
2026-01-01 22:00:00,2026-01-01 22:15:00,0.033020
2026-01-01 21:45:00,2026-01-01 22:00:00,0.020000
2026-01-01 21:30:00,2026-01-01 21:45:00,0.025100
2026-01-01 21:15:00,2026-01-01 21:30:00,0.027590
2026-01-01 21:00:00,2026-01-01 21:15:00,0.030790
2026-01-01 20:45:00,2026-01-01 21:00:00,0.034020
2026-01-01 20:30:00,2026-01-01 20:45:00,0.035020
2026-01-01 20:15:00,2026-01-01 20:30:00,0.044100
2026-01-01 20:00:00,2026-01-01 20:15:00,0.050030
2026-01-01 19:45:00,2026-01-01 20:00:00,0.040020
2026-01-01 19:30:00,2026-01-01 19:45:00,0.045000
2026-01-01 19:15:00,2026-01-01 19:30:00,0.046630
2026-01-01 19:00:00,2026-01-01 19:15:00,0.050030
2026-01-01 18:45:00,2026-01-01 19:00:00,0.044980
2026-01-01 18:30:00,2026-01-01 18:45:00,0.046130
2026-01-01 18:15:00,2026-01-01 18:30:00,0.050030
2026-01-01 18:00:00,2026-01-01 18:15:00,0.050030
2026-01-01 17:45:00,2026-01-01 18:00:00,0.047770
2026-01-01 17:30:00,2026-01-01 17:45:00,0.050030
2026-01-01 17:15:00,2026-01-01 17:30:00,0.050040
2026-01-01 17:00:00,2026-01-01 17:15:00,0.050040
2026-01-01 16:45:00,2026-01-01 17:00:00,0.050030
2026-01-01 16:30:00,2026-01-01 16:45:00,0.050040
2026-01-01 16:15:00,2026-01-01 16:30:00,0.050040
2026-01-01 16:00:00,2026-01-01 16:15:00,0.055050
2026-01-01 15:45:00,2026-01-01 16:00:00,0.055050
2026-01-01 15:30:00,2026-01-01 15:45:00,0.064250
2026-01-01 15:15:00,2026-01-01 15:30:00,0.074630
2026-01-01 15:00:00,2026-01-01 15:15:00,0.085420
2026-01-01 14:45:00,2026-01-01 15:00:00,0.055050
2026-01-01 14:30:00,2026-01-01 14:45:00,0.057530
2026-01-01 14:15:00,2026-01-01 14:30:00,0.084960
2026-01-01 14:00:00,2026-01-01 14:15:00,0.099970
2026-01-01 13:45:00,2026-01-01 14:00:00,0.055050
2026-01-01 13:30:00,2026-01-01 13:45:00,0.055050
2026-01-01 13:15:00,2026-01-01 13:30:00,0.055050
2026-01-01 13:00:00,2026-01-01 13:15:00,0.065630
2026-01-01 12:45:00,2026-01-01 13:00:00,0.055050
2026-01-01 12:30:00,2026-01-01 12:45:00,0.055060
2026-01-01 12:15:00,2026-01-01 12:30:00,0.074560
2026-01-01 12:00:00,2026-01-01 12:15:00,0.076710
2026-01-01 11:45:00,2026-01-01 12:00:00,0.062310
2026-01-01 11:30:00,2026-01-01 11:45:00,0.063310
2026-01-01 11:15:00,2026-01-01 11:30:00,0.070440
2026-01-01 11:00:00,2026-01-01 11:15:00,0.067270
2026-01-01 10:45:00,2026-01-01 11:00:00,0.055860
2026-01-01 10:30:00,2026-01-01 10:45:00,0.057440
2026-01-01 10:15:00,2026-01-01 10:30:00,0.055060
2026-01-01 10:00:00,2026-01-01 10:15:00,0.075080
2026-01-01 09:45:00,2026-01-01 10:00:00,0.075080
2026-01-01 09:30:00,2026-01-01 09:45:00,0.075080
2026-01-01 09:15:00,2026-01-01 09:30:00,0.075090
2026-01-01 09:00:00,2026-01-01 09:15:00,0.075700
2026-01-01 08:45:00,2026-01-01 09:00:00,0.075090
2026-01-01 08:30:00,2026-01-01 08:45:00,0.075090
2026-01-01 08:15:00,2026-01-01 08:30:00,0.075090
2026-01-01 08:00:00,2026-01-01 08:15:00,0.075090
2026-01-01 07:45:00,2026-01-01 08:00:00,0.128160
2026-01-01 07:30:00,2026-01-01 07:45:00,0.100000
2026-01-01 07:15:00,2026-01-01 07:30:00,0.099690
2026-01-01 07:00:00,2026-01-01 07:15:00,0.075730
2026-01-01 06:45:00,2026-01-01 07:00:00,0.110090
2026-01-01 06:30:00,2026-01-01 06:45:00,0.096520
2026-01-01 06:15:00,2026-01-01 06:30:00,0.075070
2026-01-01 06:00:00,2026-01-01 06:15:00,0.075070
2026-01-01 05:45:00,2026-01-01 06:00:00,0.088970
2026-01-01 05:30:00,2026-01-01 05:45:00,0.077230
2026-01-01 05:15:00,2026-01-01 05:30:00,0.075070
2026-01-01 05:00:00,2026-01-01 05:15:00,0.075070
2026-01-01 04:45:00,2026-01-01 05:00:00,0.075070
2026-01-01 04:30:00,2026-01-01 04:45:00,0.075070
2026-01-01 04:15:00,2026-01-01 04:30:00,0.087240
2026-01-01 04:00:00,2026-01-01 04:15:00,0.100110
2026-01-01 03:45:00,2026-01-01 04:00:00,0.067320
2026-01-01 03:30:00,2026-01-01 03:45:00,0.075050
2026-01-01 03:15:00,2026-01-01 03:30:00,0.075050
2026-01-01 03:00:00,2026-01-01 03:15:00,0.076020
2026-01-01 02:45:00,2026-01-01 03:00:00,0.063920
2026-01-01 02:30:00,2026-01-01 02:45:00,0.075700
2026-01-01 02:15:00,2026-01-01 02:30:00,0.104940
2026-01-01 02:00:00,2026-01-01 02:15:00,0.159740
2026-01-01 01:45:00,2026-01-01 02:00:00,0.085280
2026-01-01 01:30:00,2026-01-01 01:45:00,0.101610
2026-01-01 01:15:00,2026-01-01 01:30:00,0.110080
2026-01-01 01:00:00,2026-01-01 01:15:00,0.109530
2026-01-01 00:45:00,2026-01-01 01:00:00,0.071240
2026-01-01 00:30:00,2026-01-01 00:45:00,0.081600
2026-01-01 00:15:00,2026-01-01 00:30:00,0.085210
2026-01-01 00:00:00,2026-01-01 00:15:00,0.108810
